Consensus,Player,Pos,Team,Bye,BestBall10s,CBS,DraftKings,Drafters,ESPN,FBG OC,FFPC,MFL,NFFC,RT Sports,Sleeper 1QB,Sleeper 1QB Rookie,Sleeper IDP,Sleeper IDP SF,Sleeper Redraft,Sleeper SF,Sleeper SF Redraft,Sleeper SF Rookie,Underdog,Yahoo!
1,Jahmyr Gibbs,RB1,DET,6,1,1,1,1,1,1,1,1,1,1,2,-,-,-,-,3,-,-,1,1
2,Bijan Robinson,RB2,ATL,11,2,2,2,2,2,2,2,2,2,2,1,-,-,-,-,1,-,-,2,2
3,Ja'Marr Chase,WR1,CIN,6,3,3,3,3,3,3,3,4,3,3,3,-,-,-,-,4,-,-,3,3
4,Puka Nacua,WR2,LAR,11,4,5,4,4,4,4,4,5,4,4,5,-,-,-,-,7,-,-,4,4
5,Christian McCaffrey,RB3,SF,8,7,7,6,7,6,7,7,8,6,5,22,-,-,-,-,34,-,-,6,5
6,Jaxon Smith-Njigba,WR3,SEA,11,6,6,5,5,5,5,6,7,5,6,4,-,-,-,-,6,-,-,5,7
7,Amon-Ra St. Brown,WR4,DET,6,5,8,7,6,8,6,8,9,7,8,6,-,-,-,-,8,-,-,7,8
8,Jonathan Taylor,RB4,IND,13,9,4,8,8,7,9,9,6,8,7,17,-,-,-,-,23,-,-,8,6
9,James Cook III,RB5,BUF,7,8,9,9,9,12,11,10,10,9,9,19,-,-,-,-,25,-,-,10,9
10,Justin Jefferson,WR5,MIN,6,11,16,10,11,11,10,12,14,12,12,7,-,-,-,-,13,-,-,11,12
11,CeeDee Lamb,WR6,DAL,14,10,14,11,10,9,12,14,11,11,13,12,-,-,-,-,18,-,-,9,10
12,Chase Brown,RB6,CIN,6,12,11,13,12,18,14,11,16,13,11,25,-,-,-,-,38,-,-,14,16
13,De'Von Achane,RB7,MIA,6,17,10,15,15,10,20,16,12,15,10,13,-,-,-,-,20,-,-,17,14
14,Saquon Barkley,RB8,PHI,10,19,13,12,14,13,17,17,13,16,14,34,-,-,-,-,49,-,-,12,11
15,Ashton Jeanty,RB9,LV,13,14,15,20,17,14,8,19,15,10,17,8,-,-,-,-,12,-,-,18,13
16,Omarion Hampton,RB10,LAC,7,13,20,16,16,24,13,18,19,14,15,15,-,-,-,-,21,-,-,15,18
17,Ken Walker III,RB11,KC,5,16,17,14,13,21,18,13,21,17,16,28,-,-,-,-,45,-,-,13,15
18,Brock Bowers,TE1,LV,13,20,27,19,18,23,19,5,20,19,24,14,-,-,-,-,17,-,-,20,21
19,A.J. Brown,WR7,NE,11,15,21,17,20,25,15,20,24,20,19,44,-,-,-,-,53,-,-,19,24
20,Derrick Henry,RB12,BAL,13,25,12,18,19,16,26,22,17,21,18,61,-,-,-,-,75,-,-,16,17
21,Drake London,WR8,ATL,11,18,19,21,22,15,16,23,25,18,21,18,-,-,-,-,22,-,-,22,19
22,Nico Collins,WR9,HOU,8,23,25,25,21,26,24,25,27,22,25,24,-,-,-,-,33,-,-,21,23
23,Trey McBride,TE2,ARI,14,29,28,27,26,17,29,15,22,24,20,16,-,-,-,-,16,-,-,28,25
24,George Pickens,WR10,DAL,14,22,22,24,25,27,21,27,29,23,26,23,-,-,-,-,30,-,-,24,22
25,Chris Olave,WR11,NO,8,21,29,22,24,28,27,26,34,26,22,26,-,-,-,-,37,-,-,25,30
26,Malik Nabers,WR12,NYG,8,24,30,23,23,30,39,24,33,29,27,10,-,-,-,-,10,-,-,23,29
27,Rashee Rice,WR13,KC,5,28,23,26,28,20,23,28,30,27,34,36,-,-,-,-,46,-,-,26,34
28,Josh Allen,QB1,BUF,7,38,18,28,31,19,36,39,3,28,28,11,-,-,-,-,2,-,-,37,20
29,Jeremiyah Love,RB13,ARI,14,37,31,36,36,22,30,32,31,25,29,9,1,-,-,-,15,-,1,29,26
30,DeVonta Smith,WR14,PHI,10,26,36,30,27,35,28,29,36,31,36,60,-,-,-,-,71,-,-,27,28
31,Zay Flowers,WR15,BAL,13,27,34,32,30,36,25,33,42,33,37,54,-,-,-,-,64,-,-,31,36
32,Javonte Williams,RB14,DAL,14,44,32,31,32,31,41,36,32,34,23,56,-,-,-,-,68,-,-,33,33
33,Kyren Williams,RB15,LAR,11,45,24,29,29,37,43,37,28,30,30,43,-,-,-,-,56,-,-,30,27
34,Breece Hall,RB16,NYJ,13,41,38,42,38,29,40,30,40,32,31,35,-,-,-,-,44,-,-,32,35
35,Ladd McConkey,WR16,LAC,7,32,43,33,33,45,32,34,47,39,44,40,-,-,-,-,47,-,-,34,44
36,Garrett Wilson,WR17,NYJ,13,33,46,37,34,32,35,35,48,38,40,37,-,-,-,-,41,-,-,39,49
37,Emeka Egbuka,WR18,TB,10,30,42,40,42,44,22,42,52,36,42,29,-,-,-,-,35,-,-,36,43
38,Tee Higgins,WR19,CIN,6,34,39,35,37,51,31,41,45,37,51,48,-,-,-,-,60,-,-,35,31
39,Tetairoa McMillan,WR20,CAR,5,35,44,44,44,38,33,44,46,35,46,21,-,-,-,-,28,-,-,41,40
40,Jaylen Waddle,WR21,DEN,10,31,49,34,35,52,34,38,56,42,52,65,-,-,-,-,78,-,-,38,39
41,Josh Jacobs,RB17,GB,11,52,26,46,45,33,44,40,35,40,32,47,-,-,-,-,66,-,-,42,32
42,Colston Loveland,TE3,CHI,10,43,45,39,43,41,48,21,43,43,48,32,-,-,-,-,32,-,-,43,38
43,Travis Etienne Jr.,RB18,NO,8,49,37,38,41,39,51,43,39,41,35,55,-,-,-,-,69,-,-,40,42
44,Cam Skattebo,RB19,NYG,8,53,33,45,50,40,50,45,44,45,41,52,-,-,-,-,62,-,-,46,41
45,Luther Burden III,WR22,CHI,10,36,60,48,47,66,38,46,80,44,47,45,-,-,-,-,54,-,-,45,57
46,DJ Moore,WR23,BUF,7,40,53,41,39,55,47,48,62,55,33,77,-,-,-,-,93,-,-,53,59
47,Terry McLaurin,WR24,WAS,7,39,57,54,54,54,37,54,61,46,56,78,-,-,-,-,97,-,-,48,52
48,D'Andre Swift,RB20,CHI,10,55,35,43,40,56,60,47,50,51,43,71,-,-,-,-,87,-,-,44,46
49,David Montgomery,RB21,HOU,8,57,48,47,46,60,49,49,58,47,45,82,-,-,-,-,104,-,-,47,50
50,Davante Adams,WR25,LAR,11,48,56,49,55,42,53,58,53,49,57,83,-,-,-,-,100,-,-,51,54
51,Jameson Williams,WR26,DET,6,46,54,51,51,59,45,56,64,48,58,58,-,-,-,-,70,-,-,50,64
52,Bucky Irving,RB22,TB,10,63,41,53,53,49,65,52,54,54,39,38,-,-,-,-,48,-,-,54,55
53,Quinshon Judkins,RB23,CLE,11,60,47,59,59,50,62,51,59,53,38,42,-,-,-,-,50,-,-,55,51
54,Tyler Warren,TE4,IND,13,56,59,61,63,46,61,31,57,61,55,41,-,-,-,-,40,-,-,63,45
55,Bhayshul Tuten,RB24,JAX,7,59,52,50,48,62,56,50,63,62,49,74,-,-,-,-,90,-,-,49,60
56,Rome Odunze,WR27,CHI,10,50,64,57,52,57,54,59,69,59,59,49,-,-,-,-,59,-,-,59,66
57,Lamar Jackson,QB2,BAL,13,75,40,55,56,34,78,71,18,58,54,30,-,-,-,-,11,-,-,57,37
58,Christian Watson,WR28,GB,11,42,66,56,57,85,42,57,70,52,70,81,-,-,-,-,95,-,-,58,67
59,Mike Evans,WR29,SF,8,51,63,60,60,84,46,60,77,56,68,100,-,-,-,-,116,-,-,52,65
60,TreVeyon Henderson,RB25,NE,11,61,62,65,64,68,57,64,67,50,53,27,-,-,-,-,39,-,-,61,62
61,Jadarian Price,RB26,SEA,11,65,55,58,58,64,68,55,68,65,50,64,4,-,-,-,72,-,6,60,63
62,Parker Washington,WR30,JAX,7,47,77,52,49,83,59,53,79,66,63,95,-,-,-,-,107,-,-,56,77
63,Joe Burrow,QB3,CIN,6,70,50,62,69,53,64,89,26,57,65,31,-,-,-,-,14,-,-,68,48
64,Drake Maye,QB4,NE,11,73,51,66,68,43,71,86,23,60,67,20,-,-,-,-,5,-,-,66,47
65,Marvin Harrison Jr.,WR31,ARI,14,58,69,63,61,72,55,68,87,64,80,53,-,-,-,-,63,-,-,65,74
66,Carnell Tate,WR32,TEN,9,54,89,67,66,67,52,72,83,63,83,33,2,-,-,-,43,-,2,62,76
67,Rhamondre Stevenson,RB27,NE,11,76,74,64,62,71,86,70,81,74,60,111,-,-,-,-,129,-,-,67,75
68,Jaylen Warren,RB28,PIT,9,74,68,70,67,87,75,69,75,68,61,90,-,-,-,-,111,-,-,70,73
69,Brian Thomas Jr.,WR33,JAX,7,62,83,69,65,93,58,76,89,67,85,59,-,-,-,-,65,-,-,64,78
70,Tucker Kraft,TE5,GB,11,82,73,74,82,77,91,61,76,79,73,63,-,-,-,-,67,-,-,76,58
71,DK Metcalf,WR34,PIT,9,67,90,81,77,74,66,78,99,69,89,88,-,-,-,-,99,-,-,73,84
72,Jonathon Brooks,RB29,CAR,5,66,84,68,71,106,67,65,101,95,64,137,-,-,-,-,148,-,-,75,92
73,Jayden Daniels,QB5,WAS,7,101,61,75,73,47,102,101,38,70,75,39,-,-,-,-,9,-,-,69,53
74,Courtland Sutton,WR35,DEN,10,68,78,78,91,69,73,90,82,71,77,105,-,-,-,-,124,-,-,81,103
75,Jalen Hurts,QB6,PHI,10,113,65,76,74,48,112,110,37,76,78,62,-,-,-,-,26,-,-,71,56
76,Tony Pollard,RB30,TEN,9,84,71,79,84,96,82,82,88,75,71,125,-,-,-,-,146,-,-,77,80
77,Sam LaPorta,TE6,DET,6,91,72,87,90,61,87,66,85,93,95,68,-,-,-,-,76,-,-,91,61
78,Kyle Pitts Sr.,TE7,ATL,11,80,67,92,95,58,88,62,78,84,84,69,-,-,-,-,82,-,-,102,71
79,Harold Fannin Jr.,TE8,CLE,11,92,79,97,103,63,94,63,91,87,66,50,-,-,-,-,55,-,-,105,70
80,Chris Godwin Jr.,WR36,TB,10,64,93,73,70,138,70,73,98,89,79,128,-,-,-,-,145,-,-,85,94
81,Caleb Williams,QB7,CHI,10,90,70,71,72,80,106,114,41,72,90,57,-,-,-,-,19,-,-,72,68
82,Michael Wilson,WR37,ARI,14,71,101,72,87,94,81,85,102,83,76,76,-,-,-,-,91,-,-,90,102
83,Rico Dowdle,RB31,PIT,9,88,75,85,79,95,100,80,106,90,62,103,-,-,-,-,125,-,-,83,85
84,Dak Prescott,QB8,DAL,14,106,58,77,89,73,109,116,49,81,91,104,-,-,-,-,51,-,-,79,72
85,RJ Harvey,RB32,DEN,10,97,85,82,75,134,92,84,103,78,69,67,-,-,-,-,80,-,-,88,104
86,Quentin Johnston,WR38,LAC,7,69,102,80,83,133,63,97,135,85,106,112,-,-,-,-,126,-,-,74,112
87,Blake Corum,RB33,LAR,11,79,105,91,92,128,83,77,126,92,88,107,-,-,-,-,123,-,-,87,97
88,Josh Downs,WR39,IND,13,72,116,84,78,131,72,81,123,100,104,133,-,-,-,-,138,-,-,82,109
89,Justin Herbert,QB9,LAC,7,98,87,86,88,97,99,119,55,73,96,73,-,-,-,-,27,-,-,84,69
90,Trevor Lawrence,QB10,JAX,7,99,76,90,85,81,105,121,60,80,93,84,-,-,-,-,31,-,-,86,79
91,Michael Pittman Jr,WR40,PIT,9,77,113,104,99,79,77,91,131,88,101,106,-,-,-,-,122,-,-,101,126
92,Kenny Gainwell,RB34,TB,10,86,94,95,76,108,85,87,117,91,92,127,-,-,-,-,142,-,-,109,122
93,Alec Pierce,WR41,IND,13,81,82,112,123,90,76,108,115,77,103,79,-,-,-,-,94,-,-,94,89
94,Chuba Hubbard,RB35,CAR,5,102,98,113,110,114,89,102,108,82,81,86,-,-,-,-,109,-,-,98,81
95,Jayden Reed,WR42,GB,11,83,128,88,80,116,90,95,159,105,110,123,-,-,-,-,136,-,-,78,124
96,J.K. Dobbins,RB36,DEN,10,93,81,105,101,107,104,96,109,102,82,121,-,-,-,-,140,-,-,95,93
97,George Kittle,TE9,SF,8,111,86,109,112,82,115,67,96,111,97,109,-,-,-,-,119,-,-,113,83
98,Stefon Diggs,WR43,WAS,7,87,114,83,86,117,110,99,130,126,105,165,-,-,-,-,198,-,-,92,107
99,Jordan Mason,RB37,MIN,6,95,97,93,94,135,103,94,129,110,74,142,-,-,-,-,162,-,-,96,118
100,Wan'Dale Robinson,WR44,TEN,9,78,107,96,81,104,84,100,146,96,72,93,-,-,-,-,103,-,-,115,186
101,Jordan Addison,WR45,MIN,6,100,115,98,97,105,98,112,145,106,107,89,-,-,-,-,98,-,-,89,121
102,Makai Lemon,WR46,PHI,10,94,132,106,104,137,80,109,143,97,111,51,5,-,-,-,61,-,5,80,115
103,Jacory Croskey-Merritt,RB38,WAS,7,112,103,99,96,121,118,92,122,115,86,122,-,-,-,-,134,-,-,99,111
104,Jaxson Dart,QB11,NYG,8,132,106,110,105,65,126,140,74,99,112,66,-,-,-,-,24,-,-,104,86
105,Kyle Monangai,RB39,CHI,10,109,108,120,129,119,95,111,141,98,87,80,-,-,-,-,96,-,-,108,105
106,Matthew Golden,WR47,GB,11,89,136,101,98,91,93,103,155,112,134,114,-,-,-,-,121,-,-,100,164
107,Dalton Kincaid,TE10,BUF,7,110,124,103,107,122,114,74,139,118,128,92,-,-,-,-,105,-,-,120,96
108,Matthew Stafford,QB12,LAR,11,117,91,94,111,70,117,152,51,94,122,153,-,-,-,-,89,-,-,111,100
109,Travis Kelce,TE11,KC,5,128,100,121,119,86,130,79,100,119,102,163,-,-,-,-,174,-,-,124,90
110,Brock Purdy,QB13,SF,8,118,92,108,102,92,116,137,72,101,123,97,-,-,-,-,42,-,-,103,95
111,Isaiah Likely,TE12,NYG,8,119,95,114,124,118,122,75,121,123,94,120,-,-,-,-,131,-,-,125,110
112,Rachaad White,RB40,WAS,7,105,122,124,118,129,79,107,170,109,99,151,-,-,-,-,172,-,-,119,131
113,Bo Nix,QB14,DEN,10,130,117,107,109,75,135,150,66,108,115,85,-,-,-,-,36,-,-,106,98
114,Patrick Mahomes II,QB15,KC,5,136,96,100,106,98,128,151,65,107,121,72,-,-,-,-,29,-,-,97,99
115,Jordyn Tyson,WR48,NO,8,85,144,128,143,178,69,123,185,86,144,46,3,-,-,-,58,-,4,93,91
116,Dallas Goedert,TE13,PHI,10,120,80,116,126,88,124,83,95,127,139,147,-,-,-,-,164,-,-,132,106
117,KC Concepcion,WR49,CLE,11,96,126,111,108,140,108,93,172,125,117,70,6,-,-,-,83,-,7,112,157
118,De'Zhaun Stribling,WR50,SF,8,108,118,89,93,146,166,88,154,180,98,175,18,-,-,-,177,-,20,110,114
119,Jared Goff,QB16,DET,6,124,109,102,100,132,131,155,71,104,124,139,-,-,-,-,74,-,-,114,117
120,Jakobi Meyers,WR51,JAX,7,103,125,129,120,103,97,130,174,103,116,116,-,-,-,-,130,-,-,121,173
121,Xavier Worthy,WR52,KC,5,104,142,125,125,113,96,117,188,116,146,117,-,-,-,-,128,-,-,107,169
122,Jake Ferguson,TE14,DAL,14,134,120,127,138,102,133,98,125,117,131,99,-,-,-,-,108,-,-,136,119
123,Aaron Jones Sr.,RB41,MIN,6,129,111,131,134,123,125,120,140,129,109,159,-,-,-,-,194,-,-,128,135
124,Romeo Doubs,WR53,NE,11,107,141,117,113,148,107,131,180,114,125,130,-,-,-,-,141,-,-,118,194
125,Mark Andrews,TE15,BAL,13,140,119,141,142,111,127,104,134,132,132,138,-,-,-,-,152,-,-,133,116
126,Kyler Murray,QB17,MIN,6,149,135,118,117,142,154,161,90,121,137,166,-,-,-,-,86,-,-,116,113
127,Khalil Shakir,WR54,BUF,7,115,159,132,133,115,119,139,184,122,158,136,-,-,-,-,147,-,-,131,190
128,Jalen Coker,WR55,CAR,5,114,154,126,121,159,111,133,217,128,147,134,-,-,-,-,139,-,-,129,198
129,Chris Rodriguez Jr.,RB42,JAX,7,123,138,133,116,174,129,122,197,135,118,198,-,-,-,-,207,-,-,123,193
130,Deebo Samuel Sr.,WR56,SF,8,125,127,119,115,120,188,129,147,146,138,187,-,-,-,-,214,-,-,127,161
131,Rashid Shaheed,WR57,SEA,11,122,143,139,136,151,113,142,235,134,127,170,-,-,-,-,180,-,-,135,167
132,Woody Marks,RB43,HOU,8,138,137,135,135,145,134,128,189,136,100,118,-,-,-,-,135,-,-,137,189
133,Baker Mayfield,QB18,TB,10,142,131,123,122,144,145,176,92,113,142,124,-,-,-,-,73,-,-,122,150
134,Tyler Allgeier,RB44,ARI,14,131,151,138,132,164,142,126,199,133,119,119,-,-,-,-,133,-,-,138,177
135,Keaton Mitchell,RB45,LAC,7,116,164,136,128,194,121,113,236,139,135,207,-,-,-,-,216,-,-,130,192
136,Jordan Love,QB19,GB,11,161,149,115,114,157,155,179,94,124,162,129,-,-,-,-,57,-,-,117,137
137,Mike Washington Jr.,RB46,LV,13,141,133,130,131,166,184,118,178,170,108,160,25,-,-,-,169,-,27,142,130
138,Juwan Johnson,TE16,NO,8,159,148,137,137,163,170,105,169,142,133,144,-,-,-,-,159,-,-,140,156
139,Tyler Shough,QB20,NO,8,151,152,122,127,154,143,171,107,120,152,155,-,-,-,-,79,-,-,126,181
140,Jonah Coleman,RB47,DEN,10,121,161,148,146,204,132,124,187,140,129,110,12,-,-,-,118,-,13,143,178
141,Tyjae Spears,RB48,TEN,9,143,145,152,145,160,153,136,210,152,114,162,-,-,-,-,184,-,-,156,199
142,Denzel Boston,WR58,CLE,11,126,175,147,147,176,137,141,234,143,170,101,10,-,-,-,114,-,12,139,191
143,MarShawn Lloyd,RB49,GB,11,127,157,144,139,-,140,115,225,191,120,342,-,-,-,-,314,-,-,147,185
144,Zach Charbonnet,RB50,SEA,11,147,139,160,168,155,152,134,152,145,126,102,-,-,-,-,127,-,-,164,175
145,Tyrone Tracy Jr.,RB51,NYG,8,133,134,158,158,-,120,156,206,131,136,140,-,-,-,-,166,-,-,153,187
146,Chig Okonkwo,TE17,WAS,7,166,188,146,151,-,151,127,205,153,169,202,-,-,-,-,191,-,-,146,154
147,Malik Willis,QB21,MIA,6,181,162,134,130,179,198,175,124,137,165,192,-,-,-,-,110,-,-,134,140
148,Tank Bigsby,RB52,PHI,10,137,174,164,157,201,158,138,262,167,153,199,-,-,-,-,210,-,-,152,182
149,Hunter Henry,TE18,NE,11,191,170,154,167,139,177,135,160,161,164,179,-,-,-,-,190,-,-,154,163
150,Brenton Strange,TE19,JAX,7,171,147,150,156,184,160,125,214,147,198,113,-,-,-,-,120,-,-,149,170
151,Sam Darnold,QB22,SEA,11,186,146,143,144,162,190,199,114,141,185,168,-,-,-,-,85,-,-,141,132
152,Jalen Nailor,WR59,LV,13,139,196,151,162,-,136,187,286,158,161,226,-,-,-,-,233,-,-,148,180
153,Jalen McMillan,WR60,TB,10,144,-,165,170,189,123,174,288,149,209,154,-,-,-,-,160,-,-,157,174
154,Terrance Ferguson,TE20,LAR,11,157,-,157,152,175,187,106,282,202,207,185,-,-,-,-,181,-,-,159,159
155,Isiah Pacheco,RB53,DET,6,158,153,175,197,165,156,169,239,162,140,181,-,-,-,-,205,-,-,187,151
156,Dylan Sampson,RB54,CLE,11,146,169,167,159,-,141,144,275,151,154,171,-,-,-,-,185,-,-,171,-
157,Brian Robinson Jr,RB55,ATL,11,154,183,192,187,169,165,163,296,171,160,188,-,-,-,-,213,-,-,182,128
158,Alvin Kamara,RB56,NO,8,176,156,182,193,161,167,172,249,166,151,182,-,-,-,-,212,-,-,183,146
159,Tre Tucker,WR61,LV,13,153,184,156,149,186,171,166,251,159,192,227,-,-,-,-,244,-,-,150,-
160,Tre' Harris,WR62,LAC,7,135,-,181,155,-,138,167,314,165,181,167,-,-,-,-,173,-,-,162,-
161,T.J. Hockenson,TE21,MIN,6,218,195,168,171,124,202,143,212,174,173,164,-,-,-,-,168,-,-,167,172
162,Ja'Kobi Lane,WR63,BAL,13,170,168,142,141,182,-,154,255,243,159,186,27,-,-,-,206,-,30,151,149
163,Daniel Jones,QB23,IND,13,212,158,140,140,158,216,224,128,155,199,180,-,-,-,-,106,-,-,144,158
164,Dalton Schultz,TE22,HOU,8,194,173,163,161,187,208,132,202,173,208,201,-,-,-,-,201,-,-,163,165
165,Jaydon Blue,RB57,DAL,14,162,-,185,176,-,163,158,344,199,193,219,-,-,-,-,247,-,-,177,148
166,Travis Hunter,CB1,JAX,7,185,-,176,183,112,173,202,266,190,-,98,-,-,-,-,113,-,-,160,153
167,Kenyon Sadiq,TE23,NYJ,13,214,186,189,195,143,185,146,203,168,188,75,7,-,-,-,84,-,8,178,179
168,C.J. Stroud,QB24,HOU,8,231,166,145,148,172,209,250,112,150,200,135,-,-,-,-,81,-,-,145,143
169,Malik Washington,WR64,MIA,6,165,-,149,164,-,180,168,200,181,180,245,-,-,-,-,248,-,-,174,-
170,Keenan Allen,WR65,IND,13,189,181,153,154,180,229,178,218,242,171,301,-,-,-,-,325,-,-,155,145
171,Adonai Mitchell,WR66,NYJ,13,164,-,169,165,-,159,180,305,183,194,211,-,-,-,-,223,-,-,169,-
172,Dontayvion Wicks,WR67,PHI,10,167,-,155,150,-,186,181,331,206,174,276,-,-,-,-,278,-,-,161,-
173,Emmett Johnson,RB58,KC,5,156,-,194,177,-,164,160,280,164,182,131,16,-,-,-,151,-,19,191,-
174,Oronde Gadsden,TE24,LAC,7,193,-,180,208,-,149,164,231,144,-,87,-,-,-,-,88,-,-,190,155
175,Jauan Jennings,WR68,MIN,6,179,209,171,184,-,161,242,294,157,203,146,-,-,-,-,171,-,-,173,152
176,Ryan Flournoy,WR69,DAL,14,152,-,170,166,-,157,185,341,179,-,262,-,-,-,-,263,-,-,168,-
177,Braelon Allen,RB59,NYJ,13,175,171,172,174,-,207,153,264,193,166,157,-,-,-,-,183,-,-,184,-
178,Ray Davis,RB60,BUF,7,160,-,191,175,-,172,159,287,196,189,248,-,-,-,-,256,-,-,186,-
179,Kaelon Black,RB61,SF,8,168,176,190,186,-,181,147,283,213,176,203,32,-,-,-,229,-,33,193,-
180,Tank Dell,WR70,HOU,8,190,177,174,192,152,194,190,297,208,178,213,-,-,-,-,225,-,-,179,-
181,Cyrus Allen,WR71,KC,5,155,-,161,160,-,-,148,243,234,190,247,38,-,-,-,300,-,47,165,-
182,Kayshon Boutte,WR72,HOU,8,173,-,178,180,-,195,212,311,200,149,183,-,-,-,-,193,-,-,181,-
183,AJ Barner,TE25,SEA,11,204,204,184,185,210,215,165,278,189,-,150,-,-,-,-,150,-,-,175,147
184,Jerry Jeudy,WR73,CLE,11,178,192,198,205,173,176,214,226,172,172,176,-,-,-,-,203,-,-,204,-
185,Omar Cooper Jr.,WR74,NYJ,13,192,-,193,189,-,147,216,258,169,222,91,8,-,-,-,101,-,9,170,-
186,Cam Ward,QB25,TEN,9,221,-,159,153,200,213,-,138,154,224,152,-,-,-,-,77,-,-,158,141
187,Greg Dulcich,TE26,MIA,6,209,210,183,182,-,196,162,298,204,214,336,-,-,-,-,307,-,-,189,195
188,Isaac TeSlaa,WR75,DET,6,172,-,197,207,-,150,251,317,178,-,196,-,-,-,-,187,-,-,202,142
189,Caleb Douglas,WR76,MIA,6,183,-,179,173,206,-,183,306,247,175,217,43,-,-,-,269,-,48,176,-
190,Pat Bryant,WR77,DEN,10,163,-,173,169,-,-,173,336,235,-,184,-,-,-,-,192,-,-,172,-
191,Kimani Vidal,RB62,LAC,7,182,-,201,199,-,189,196,315,188,202,205,-,-,-,-,222,-,-,211,-
192,Kaytron Allen,RB63,WAS,7,180,-,227,204,-,174,195,321,192,186,174,24,-,-,-,179,-,23,218,-
193,Houston Texans,TD1,HOU,8,145,99,-,-,78,148,149,105,138,130,-,-,-,-,-,-,-,-,-,88
194,George Holani,RB64,SEA,11,187,-,208,209,-,179,206,360,221,163,322,-,-,-,-,343,-,-,225,-
195,Malachi Fields,WR78,NYG,8,202,-,186,188,-,218,211,342,227,184,177,21,-,-,-,186,-,25,194,-
196,Calvin Ridley,WR79,TEN,9,222,191,204,206,188,211,238,355,219,150,253,-,-,-,-,279,-,-,205,-
197,Bryce Young,QB26,CAR,5,283,-,162,163,195,-,306,132,175,-,172,-,-,-,-,92,-,-,166,129
198,Los Angeles Rams,TD2,LAR,11,148,110,-,-,99,144,157,119,148,141,-,-,-,-,-,-,-,-,-,87
199,Sean Tucker,RB65,TB,10,198,-,211,215,-,191,215,345,205,205,236,-,-,-,-,242,-,-,209,-
200,Zachariah Branch,WR80,ATL,11,199,-,202,196,-,182,245,326,214,-,143,19,-,-,-,167,-,22,196,-
201,Nicholas Singleton,RB66,TEN,9,196,-,218,217,-,204,213,304,195,217,126,13,-,-,-,132,-,15,212,-
202,Pat Freiermuth,TE27,PIT,9,279,-,203,191,199,-,191,292,224,-,241,-,-,-,-,243,-,-,198,138
203,Fernando Mendoza,QB27,LV,13,266,-,188,190,183,-,280,162,201,-,96,9,-,-,-,52,-,3,188,125
204,Gunnar Helm,TE28,TEN,9,252,-,196,198,-,230,182,307,207,-,195,-,-,-,-,182,-,-,197,-
205,David Njoku,TE29,LAC,7,256,-,212,222,-,-,226,338,239,168,208,-,-,-,-,221,-,-,210,139
206,Demond Claiborne,RB67,MIN,6,177,-,239,247,-,162,189,348,212,-,200,31,-,-,-,217,-,32,243,-
207,James Conner,RB68,ARI,14,220,208,237,236,-,212,234,299,215,183,197,-,-,-,-,224,-,-,245,144
208,Cooper Kupp,WR81,SEA,11,216,198,205,216,198,236,252,270,233,-,290,-,-,-,-,299,-,-,216,127
209,Aaron Rodgers,QB28,PIT,9,-,-,177,172,202,-,-,165,198,-,260,-,-,-,-,220,-,-,180,120
210,Denver Broncos,TD3,DEN,10,174,88,-,-,89,168,170,116,160,143,-,-,-,-,-,-,-,-,-,101
211,Justice Hill,RB69,BAL,13,225,-,209,201,-,234,205,330,244,197,372,-,-,-,-,368,-,-,220,-
212,Devaughn Vele,WR82,NO,8,205,-,195,179,-,-,230,351,266,219,269,-,-,-,-,286,-,-,185,-
213,Jacoby Brissett,QB29,ARI,14,254,-,166,178,-,-,288,158,184,216,246,-,-,-,-,170,-,-,199,-
214,Seattle Seahawks,TD4,SEA,11,169,112,-,-,101,169,177,110,156,145,-,-,-,-,-,-,-,-,-,108
215,Chris Bell,WR83,MIA,6,223,-,207,202,-,242,228,289,259,204,132,14,-,-,-,137,-,16,203,-
216,Ted Hurst III,WR84,TB,10,207,-,210,194,-,235,229,363,252,-,189,26,-,-,-,188,-,26,201,-
217,Jordan James,RB70,SF,8,184,194,280,243,-,183,198,343,229,228,274,-,-,-,-,257,-,-,230,-
218,Antonio Williams,WR85,WAS,7,210,-,223,254,-,146,268,309,197,-,148,15,-,-,-,158,-,17,231,-
219,Najee Harris,RB71,NYG,8,215,-,214,210,-,-,184,337,325,177,261,-,-,-,-,275,-,-,206,-
220,Jaylin Noel,WR86,HOU,8,219,-,213,203,-,247,231,328,261,-,215,-,-,-,-,227,-,-,200,-
221,Cade Otton,TE30,TB,10,-,211,199,200,-,-,209,325,218,-,230,-,-,-,-,228,-,-,195,-
222,Seth McGowan,RB72,IND,13,200,-,245,228,-,244,186,371,270,-,256,53,-,-,-,306,-,57,222,-
223,Geno Smith,QB30,NYJ,13,-,-,187,181,-,-,281,191,203,-,249,-,-,-,-,202,-,-,192,-
224,Germie Bernard,WR87,PIT,9,228,-,217,213,-,220,271,276,249,-,145,17,-,-,-,153,-,18,207,-
225,Jayden Higgins,WR88,HOU,8,150,-,200,-,-,101,-,168,130,-,108,-,-,-,-,115,-,-,-,-
226,Colby Parkinson,TE31,LAR,11,257,-,206,214,-,-,239,209,223,-,252,-,-,-,-,258,-,-,217,-
227,Rashod Bateman,WR89,BAL,13,232,-,229,211,-,231,257,369,255,-,284,-,-,-,-,293,-,-,215,-
228,Jake Tonges,TE32,SF,8,227,-,233,248,-,232,208,318,238,-,239,-,-,-,-,226,-,-,253,-
229,Samaje Perine,RB73,CIN,6,239,-,228,218,-,-,218,353,273,-,391,-,-,-,-,428,-,-,223,-
230,Jaylen Wright,RB74,MIA,6,217,-,279,227,-,225,243,358,236,210,237,-,-,-,-,254,-,-,250,-
231,Evan Engram,TE33,DEN,10,246,-,221,233,-,-,232,339,257,-,267,-,-,-,-,272,-,-,221,-
232,Darnell Mooney,WR90,NYG,8,213,-,236,240,-,201,-,-,226,-,251,-,-,-,-,259,-,-,239,-
233,Keon Coleman,WR91,BUF,7,233,-,220,226,-,240,270,340,265,-,216,-,-,-,-,232,-,-,214,-
234,Philadelphia Eagles,TD5,PHI,10,197,129,-,-,130,193,201,166,177,156,-,-,-,-,-,-,-,-,-,136
235,Ricky Pearsall,WR92,SF,8,208,-,215,-,-,74,-,-,163,-,94,-,-,-,-,102,-,-,-,-
236,Troy Franklin,WR93,DEN,10,236,-,232,246,-,217,-,354,216,-,190,-,-,-,-,196,-,-,237,-
237,Tyreek Hill,WR94,FA,,251,-,234,239,-,-,260,-,251,215,191,-,-,-,-,209,-,-,240,-
238,New England Patriots,TD6,NE,11,188,155,-,-,149,175,203,153,176,179,-,-,-,-,-,-,-,-,-,162
239,Tua Tagovailoa,QB31,ATL,11,-,-,216,212,-,-,-,252,217,-,263,-,-,-,-,156,-,-,224,-
240,Emari Demercado,RB75,KC,5,224,-,266,245,-,206,256,-,263,-,426,-,-,-,-,362,-,-,278,-
241,Emanuel Wilson,RB76,SEA,11,244,-,249,-,-,224,277,-,209,-,210,-,-,-,-,231,-,-,258,-
242,Christian Kirk,WR95,SF,8,230,-,261,234,-,210,-,-,241,-,295,-,-,-,-,280,-,-,268,-
243,Deshaun Watson,QB32,CLE,11,273,-,222,224,-,-,-,265,256,-,334,-,-,-,-,246,-,-,234,-
244,Michael Penix Jr.,QB33,ATL,11,-,-,226,225,-,-,-,295,254,-,194,-,-,-,-,144,-,-,219,-
245,Pittsburgh Steelers,TD7,PIT,9,203,150,-,-,109,205,204,182,185,195,-,-,-,-,-,-,-,-,-,202
246,Kirk Cousins,QB34,LV,13,-,-,224,219,-,-,-,257,248,-,275,-,-,-,-,239,-,-,251,-
247,Mike Gesicki,TE34,CIN,6,-,-,243,249,-,-,258,364,274,-,313,-,-,-,-,301,-,-,228,-
248,Shedeur Sanders,QB35,CLE,11,-,-,230,230,-,-,-,277,258,-,218,-,-,-,-,154,-,-,227,-
249,Brandon Aubrey,PK1,DAL,14,-,104,-,-,76,139,145,104,-,113,-,-,-,-,-,-,-,-,-,82
250,Darren Waller,TE35,CAR,5,-,-,219,221,-,-,217,366,412,-,386,-,-,-,-,381,-,-,208,-
251,Los Angeles Chargers,TD8,LAC,7,201,167,-,-,170,192,192,193,187,206,-,-,-,-,-,-,-,-,-,210
252,Malik Davis,RB77,DAL,14,226,-,235,237,-,-,246,359,421,-,389,-,-,-,-,402,-,-,232,-
253,Tory Horton,WR96,SEA,11,247,-,300,252,-,246,295,-,268,-,214,-,-,-,-,215,-,-,255,-
254,Xavier Hutchinson,WR97,HOU,8,274,-,225,220,-,-,274,329,392,-,360,-,-,-,-,463,-,-,238,-
255,Baltimore Ravens,TD9,BAL,13,211,160,-,-,126,214,219,192,194,220,-,-,-,-,-,-,-,-,-,208
256,Charlie Kolar,TE36,LAC,7,-,-,231,223,-,-,237,-,428,-,-,-,-,-,-,469,-,-,213,-
257,Jacksonville Jaguars,TD10,JAX,7,195,179,-,-,185,-,200,198,182,187,-,-,-,-,-,-,-,-,-,206
258,Minnesota Vikings,TD11,MIN,6,206,123,-,-,190,222,221,181,186,191,-,-,-,-,-,-,-,-,-,184
259,Eli Stowers,TE37,PHI,10,280,-,328,279,-,-,265,215,260,-,115,11,-,-,-,112,-,11,244,-
260,LeQuint Allen Jr.,RB78,JAX,7,241,-,379,238,-,228,290,-,271,-,299,-,-,-,-,287,-,-,272,-
261,Ollie Gordon II,RB79,MIA,6,235,-,329,256,-,-,253,-,345,-,229,-,-,-,-,238,-,-,277,-
262,Adam Randall,RB80,BAL,13,229,-,371,274,-,245,241,-,342,-,209,30,-,-,-,235,-,37,263,-
263,Michael Mayer,TE38,LV,13,294,-,268,235,-,-,236,-,460,-,285,-,-,-,-,252,-,-,229,-
264,Mason Taylor,TE39,NYJ,13,-,-,347,265,-,-,282,357,276,-,158,-,-,-,-,165,-,-,252,-
265,Tyquan Thornton,WR98,KC,5,278,-,240,229,-,-,-,368,434,-,323,-,-,-,-,318,-,-,233,-
266,Hollywood Brown,WR99,PHI,10,-,-,295,-,-,-,286,-,275,-,286,-,-,-,-,292,-,-,294,-
267,Brandon Aiyuk,WR100,SF,8,253,-,290,-,-,233,298,-,228,-,161,-,-,-,-,176,-,-,406,-
268,Bryce Lance,WR101,NO,8,240,-,283,231,-,-,305,-,438,-,268,41,-,-,-,262,-,43,248,-
269,Odell Beckham Jr,WR102,NYG,8,292,-,242,258,205,-,-,-,380,-,271,-,-,-,-,342,-,-,276,-
270,DeMario Douglas,WR103,NE,11,268,-,257,232,-,-,-,-,459,-,310,-,-,-,-,320,-,-,226,-
271,Detroit Lions,TD12,DET,6,237,172,-,-,150,241,233,220,222,232,-,-,-,-,-,-,-,-,-,205
272,Chimere Dike,WR104,TEN,9,-,-,352,278,-,-,-,247,264,-,193,-,-,-,-,208,-,-,273,-
273,J'Mari Taylor,RB81,JAX,7,-,-,299,-,-,-,-,-,281,-,264,45,-,-,-,303,-,50,297,-
274,Mitch Tinsley,WR105,CIN,6,-,-,284,-,-,-,-,-,304,-,-,-,-,-,-,-,-,-,299,-
275,Chicago Bears,TD13,CHI,10,234,199,-,-,207,237,261,223,211,-,-,-,-,-,-,-,-,-,-,166
276,Cameron Dicker,PK2,LAC,7,-,140,-,-,100,200,188,150,-,148,-,-,-,-,-,-,-,-,-,134
277,Ka'imi Fairbairn,PK3,HOU,8,-,130,-,-,127,178,194,148,-,155,-,-,-,-,-,-,-,-,-,123
278,Jahdae Walker,WR106,CHI,10,-,-,325,244,-,-,-,-,350,-,399,-,-,-,-,422,-,-,262,-
279,Zamir White,RB82,NO,8,-,-,248,-,-,-,-,-,319,-,-,-,-,-,-,-,-,-,338,-
280,San Francisco 49ers,TD14,SF,8,242,-,-,-,193,243,244,260,240,-,-,-,-,-,-,-,-,-,-,160
281,Carson Beck,QB36,ARI,14,-,-,259,242,-,-,-,316,448,-,231,33,-,-,-,199,-,24,249,-
282,Trey Benson,RB83,ARI,14,249,-,397,-,-,-,296,-,272,-,141,-,-,-,-,163,-,-,301,-
283,Dylan Laube,RB84,LV,13,-,-,255,-,-,-,269,-,279,-,-,-,-,-,-,481,-,-,418,-
284,Skyy Moore,WR107,GB,11,-,-,262,-,-,-,-,-,337,-,-,-,-,-,-,470,-,-,310,-
285,Buffalo Bills,TD15,BUF,7,245,190,-,-,196,-,247,211,225,229,-,-,-,-,-,-,-,-,-,183
286,Dallas Cowboys,TD16,DAL,14,272,189,-,-,177,-,249,241,245,212,-,-,-,-,-,-,-,-,-,168
287,Green Bay Packers,TD17,GB,11,238,206,-,-,191,249,255,250,220,218,-,-,-,-,-,-,-,-,-,207
288,Kendre Miller,RB85,NO,8,250,-,322,-,-,-,278,-,399,-,311,-,-,-,-,302,-,-,281,-
289,Cleveland Browns,TD18,CLE,11,248,200,-,-,153,-,292,246,210,234,-,-,-,-,-,-,-,-,-,200
290,Jack Bech,WR108,LV,13,260,-,369,257,-,-,-,-,395,-,222,-,-,-,-,237,-,-,235,-
291,Barion Brown,WR109,NO,8,-,-,331,-,-,-,-,-,333,-,242,67,-,-,-,289,-,68,266,-
292,Jason Myers,PK4,SEA,11,-,121,-,-,110,197,193,164,-,167,-,-,-,-,-,-,-,-,-,133
293,Sterling Shepard,WR110,HOU,8,-,-,303,-,-,-,-,-,316,-,-,-,-,-,-,-,-,-,313,-
294,Kyle Juszczyk,RB86,SF,8,-,-,244,-,-,-,-,-,354,-,-,-,-,-,-,-,-,-,356,-
295,Jaylin Lane,WR111,WAS,7,-,-,273,-,-,-,-,-,353,-,325,-,-,-,-,366,-,-,321,-
296,Kansas City Chiefs,TD19,KC,5,267,205,-,-,168,-,264,230,230,-,-,-,-,-,-,-,-,-,-,201
297,Kevin Coleman Jr.,WR112,MIA,6,-,-,289,-,-,-,-,-,371,-,257,39,-,-,-,264,-,42,300,-
298,Kareem Hunt,RB87,FA,,-,-,275,-,-,-,287,-,441,-,305,-,-,-,-,346,-,-,271,-
299,JuJu Smith-Schuster,WR113,FA,,-,-,238,-,-,-,-,-,290,-,-,-,-,-,-,-,-,-,-,-
300,Eli Raridon,TE40,NE,11,285,-,385,276,-,-,223,284,452,-,224,37,-,-,-,245,-,34,242,-
301,Trevor Etienne,RB88,CAR,5,265,-,253,-,-,-,-,-,432,-,303,-,-,-,-,313,-,-,327,-
302,Khalil Herbert,RB89,SF,8,-,-,351,-,-,-,-,-,336,-,-,-,-,-,-,333,-,-,296,-
303,Phil Mafah,RB90,DAL,14,-,-,241,-,-,-,299,-,410,-,352,-,-,-,-,377,-,-,344,-
304,Jalen Tolbert,WR114,MIA,6,258,-,323,275,-,-,307,-,415,-,358,-,-,-,-,335,-,-,289,-
305,Kyle Williams,WR115,NE,11,-,-,288,260,-,-,-,-,467,-,223,-,-,-,-,234,-,-,246,-
306,Darius Cooper,WR116,PHI,10,-,-,324,-,-,-,-,-,344,-,-,-,-,-,-,489,-,-,318,-
307,DJ Giddens,RB91,IND,13,243,-,304,-,-,-,-,-,458,-,273,-,-,-,-,261,-,-,283,-
308,Theo Johnson,TE41,NYG,8,-,-,407,-,-,-,291,-,317,-,204,-,-,-,-,204,-,-,287,-
309,Keandre Lambert-Smith,WR117,LAC,7,-,-,330,-,-,-,-,-,339,-,361,-,-,-,-,427,-,-,322,-
310,Cam Little,PK5,JAX,7,-,163,-,-,136,203,197,177,-,157,-,-,-,-,-,-,-,-,-,176
311,Demarcus Robinson,WR118,SF,8,269,-,357,250,-,-,-,-,418,-,422,-,-,-,-,478,-,-,280,-
312,Jalen Royals,WR119,KC,5,-,-,281,-,-,-,-,-,400,-,304,-,-,-,-,304,-,-,305,-
313,Atlanta Falcons,TD20,ATL,11,270,185,-,-,-,199,-,308,231,-,-,-,-,-,-,-,-,-,-,196
314,Malik Benson,WR120,LV,13,-,-,353,255,-,-,-,-,413,-,306,59,-,-,-,364,-,67,260,-
315,Efton Chism III,WR121,NE,11,-,-,277,-,-,-,-,-,369,-,395,-,-,-,-,397,-,-,355,-
316,Jacob Cowing,WR122,SF,8,-,-,258,-,-,-,-,-,361,-,-,-,-,-,-,-,-,-,385,-
317,Taysom Hill,TE42,FA,,-,-,292,-,-,-,-,-,374,-,354,-,-,-,-,-,-,-,332,-
318,Elijah Sarratt,WR123,BAL,13,289,-,319,262,-,-,-,-,472,-,149,20,-,-,-,161,-,21,241,-
319,Will Shipley,RB92,PHI,10,-,-,247,-,-,-,-,-,386,-,356,-,-,-,-,378,-,-,365,-
320,New York Giants,TD21,NYG,8,282,-,-,-,209,-,285,310,237,227,-,-,-,-,-,-,-,-,-,171
321,Elijah Arroyo,TE43,SEA,11,-,-,339,269,-,-,254,-,491,-,240,-,-,-,-,241,-,-,254,-
322,Elic Ayomanor,WR124,TEN,9,-,-,395,259,-,-,-,-,360,-,206,-,-,-,-,218,-,-,282,-
323,Cedric Tillman,WR125,FA,,-,-,305,-,-,-,-,-,403,-,309,-,-,-,-,310,-,-,307,-
324,Colbie Young,WR126,CIN,6,-,-,349,270,-,-,303,-,425,-,225,71,-,-,-,358,-,71,257,-
325,Treylon Burks,WR127,WAS,7,-,-,309,-,-,-,-,-,429,-,382,-,-,-,-,405,-,-,279,-
326,Nick Chubb,RB93,FA,,-,-,252,-,-,-,-,-,338,-,314,-,-,-,-,367,-,-,-,-
327,Isaiah Davis,RB94,NYJ,13,255,-,362,273,-,221,302,-,375,-,291,-,-,-,-,296,-,-,372,-
328,Joshua Dobbs,QB37,DET,6,-,-,-,-,-,-,-,-,285,-,-,-,-,-,-,-,-,-,308,-
329,Andrei Iosivas,WR128,CIN,6,293,-,341,271,-,-,-,-,462,-,375,-,-,-,-,354,-,-,236,-
330,John Metchie III,WR129,CAR,5,-,-,318,-,-,-,-,-,390,-,371,-,-,-,-,352,-,-,316,-
331,Jalen Milroe,QB38,SEA,11,-,-,343,-,-,-,-,-,284,-,265,-,-,-,-,249,-,-,395,-
332,Zavion Thomas,WR130,CHI,10,-,-,327,280,-,-,-,-,437,-,244,49,-,-,-,294,-,55,261,-
333,Dont'e Thornton Jr.,WR131,LV,13,-,-,312,-,-,-,-,-,373,-,297,-,-,-,-,290,-,-,340,-
334,Matt Hibner,TE44,BAL,13,-,-,-,-,-,-,272,-,349,-,280,65,-,-,-,322,-,61,286,-
335,Jam Miller,RB95,NE,11,-,-,250,-,-,-,301,-,355,-,296,47,-,-,-,329,-,62,-,-
336,Tampa Bay Buccaneers,TD22,TB,10,261,-,-,-,-,-,259,320,253,-,-,-,-,-,-,-,-,-,-,-
337,Deion Burks,WR132,IND,13,-,-,271,-,-,-,-,-,352,-,300,46,-,-,-,298,-,56,414,-
338,Roschon Johnson,RB96,CHI,10,-,-,267,-,-,-,-,-,347,-,385,-,-,-,-,450,-,-,422,-
339,Drew Lock,QB39,SEA,11,-,-,254,-,-,-,-,-,359,-,-,-,-,-,-,-,-,-,-,-
340,Joe Mixon,RB97,FA,,-,-,246,-,-,-,-,-,363,-,255,-,-,-,-,271,-,-,-,-
341,Jeremy Ruckert,TE45,NYJ,13,-,-,-,-,-,-,-,-,296,-,-,-,-,-,-,-,-,-,315,-
342,Michael Trigg,TE46,DAL,14,-,-,365,-,-,-,-,-,320,-,259,36,-,-,-,281,-,52,359,-
343,Brock Wright,TE47,DET,6,-,-,350,-,-,-,-,-,314,-,-,-,-,-,-,-,-,-,378,-
344,Erick All Jr.,TE48,CIN,6,-,-,405,272,-,-,262,-,446,-,421,-,-,-,-,385,-,-,264,-
345,Chris Brooks,RB98,GB,11,271,-,377,-,-,-,300,-,384,-,392,-,-,-,-,355,-,-,325,-
346,Josh Cameron,WR133,JAX,7,-,-,-,-,-,-,-,-,306,-,331,66,-,-,-,391,-,74,317,-
347,Audric Estimé,RB99,NO,8,-,-,287,-,-,-,-,-,433,-,333,-,-,-,-,341,-,-,331,-
348,Tai Felton,WR134,MIN,6,-,-,366,-,-,-,-,-,372,-,402,-,-,-,-,438,-,-,311,-
349,Dare Ogunbowale,RB100,LV,13,-,-,-,-,-,-,-,-,287,-,-,-,-,-,-,-,-,-,336,-
350,Joshua Palmer,WR135,BUF,7,288,-,348,264,-,-,-,-,450,-,330,-,-,-,-,394,-,-,285,-
351,Robert Tonyan Jr,TE49,PIT,9,-,-,333,-,-,-,-,-,288,-,-,-,-,-,-,-,-,-,-,-
352,Devontez Walker,WR136,BAL,13,-,-,269,241,-,-,-,-,430,-,417,-,-,-,-,480,-,-,399,-
353,Darnell Washington,TE50,PIT,9,-,-,363,267,-,-,289,-,479,-,321,-,-,-,-,319,-,-,247,-
354,Jordan Whittington,WR137,LAR,11,-,-,370,-,-,-,-,-,397,-,388,-,-,-,-,445,-,-,284,-
355,Jahan Dotson,WR138,ATL,11,259,-,381,266,-,-,304,-,476,-,357,-,-,-,-,311,-,-,267,-
356,Myles Price,WR139,MIN,6,-,-,340,-,-,-,-,-,312,-,-,-,-,-,-,337,-,-,404,-
357,Darius Slayton,WR140,NYG,8,276,-,338,281,-,-,-,347,489,-,329,-,-,-,-,351,-,-,256,-
358,Brenen Thompson,WR141,LAC,7,-,-,354,-,-,-,283,-,442,-,232,35,-,-,-,260,-,40,288,-
359,Nick Westbrook-Ikhine,WR142,IND,13,-,-,293,-,-,-,-,-,417,-,-,-,-,-,-,487,-,-,351,-
360,Tennessee Titans,TD23,TEN,9,277,-,-,-,-,-,266,319,262,-,-,-,-,-,-,-,-,-,-,-
361,CJ Daniels,WR143,LAR,11,-,-,390,-,-,-,-,-,388,-,283,44,-,-,-,317,-,69,291,-
362,Ashton Dulin,WR144,IND,13,-,-,285,-,-,-,-,-,357,-,-,-,-,-,-,-,-,-,428,-
363,Justin Joly,TE51,DEN,10,-,-,337,-,-,-,-,-,440,-,233,42,-,-,-,250,-,41,295,-
364,Bam Knight,RB101,ARI,14,-,-,270,-,-,-,-,-,368,-,317,-,-,-,-,471,-,-,-,-
365,Jaleel McLaughlin,RB102,DEN,10,-,-,282,-,-,-,-,-,358,-,384,-,-,-,-,411,-,-,-,-
366,Sione Vaki,RB103,DET,6,-,-,276,-,-,-,-,-,367,-,410,-,-,-,-,430,-,-,429,-
367,Jordan Watkins,WR145,SF,8,-,-,336,-,-,-,-,-,334,-,-,-,-,-,-,476,-,-,402,-
368,Isaiah Williams,WR146,NYJ,13,-,-,392,-,-,-,-,-,356,-,428,-,-,-,-,498,-,-,319,-
369,New Orleans Saints,TD24,NO,8,275,182,-,-,-,-,-,271,232,-,-,-,-,-,-,-,-,-,-,-
370,Las Vegas Raiders,TD25,LV,13,281,-,-,-,-,-,273,-,267,-,-,-,-,-,-,-,-,-,-,-
371,Dyami Brown,WR147,WAS,7,-,-,428,-,-,-,-,-,348,-,-,-,-,-,-,-,-,-,306,-
372,Austin Ekeler,RB104,FA,,-,-,272,-,-,-,-,-,389,-,355,-,-,-,-,374,-,-,423,-
373,Tyler Higbee,TE52,LAR,11,-,-,298,-,-,-,-,-,477,-,376,-,-,-,-,439,-,-,304,-
374,Jimmy Horn Jr.,WR148,CAR,5,-,-,313,-,-,-,-,-,343,-,346,-,-,-,-,406,-,-,427,-
375,Marvin Mims Jr.,WR149,DEN,10,-,-,301,282,-,-,-,-,486,-,254,-,-,-,-,274,-,-,293,-
376,Konata Mumpfield,WR150,LAR,11,-,-,307,-,-,-,-,-,365,-,397,-,-,-,-,418,-,-,409,-
377,Kalif Raymond,WR151,CHI,10,296,-,374,283,-,-,-,-,419,-,-,-,-,-,-,-,-,-,292,-
378,Zavier Scott,RB105,MIN,6,-,-,-,-,-,-,-,-,318,-,-,-,-,-,-,-,-,-,330,-
379,KaVontae Turpin,WR152,DAL,14,-,-,389,-,-,-,-,245,420,-,379,-,-,-,-,372,-,-,275,-
380,Savion Williams,WR153,GB,11,-,-,409,-,-,-,-,-,405,-,363,-,-,-,-,407,-,-,270,-
381,Skyler Bell,WR154,BUF,7,287,-,402,-,-,227,293,-,469,-,178,28,-,-,-,200,-,29,274,-
382,Stetson Bennett IV,QB40,LAR,11,-,-,388,-,-,-,-,-,315,-,-,-,-,-,-,403,-,-,390,-
383,Ty Johnson,RB106,BUF,7,263,-,346,263,-,-,279,370,453,-,390,-,-,-,-,400,-,-,380,-
384,Cade Klubnik,QB41,NYJ,13,-,-,378,-,-,-,-,-,383,-,302,52,-,-,-,251,-,36,328,-
385,Riley Leonard,QB42,IND,13,-,-,335,-,-,-,-,-,328,-,368,-,-,-,-,291,-,-,-,-
386,Brashard Smith,RB107,KC,5,-,-,342,261,-,-,276,-,482,-,234,-,-,-,-,268,-,-,323,-
387,Indianapolis Colts,TD26,IND,13,284,-,-,-,-,-,-,327,246,-,-,-,-,-,-,-,-,-,-,-
388,Tutu Atwell,WR155,LAR,11,-,-,274,-,-,-,-,-,455,-,343,-,-,-,-,459,-,-,370,-
389,Calvin Austin III,WR156,NYG,8,-,-,256,-,-,-,-,-,451,-,353,-,-,-,-,379,-,-,391,-
390,Jarquez Hunter,RB108,MIA,6,264,-,314,-,-,-,275,-,426,-,337,-,-,-,-,339,-,-,424,-
391,Luke McCaffrey,WR157,WAS,7,-,-,310,-,-,-,-,-,436,-,370,-,-,-,-,348,-,-,350,-
392,Carolina Panthers,TD27,CAR,5,290,-,-,-,-,-,309,322,250,-,-,-,-,-,-,-,-,-,-,-
393,Salvon Ahmed,RB109,CHI,10,-,-,317,-,-,-,-,-,-,-,-,-,-,-,-,-,-,-,303,-
394,Rasheen Ali,RB110,BAL,13,-,-,345,-,-,-,-,-,382,-,427,-,-,-,-,458,-,-,383,-
395,Justin Fields,QB43,KC,5,-,-,358,-,-,-,-,-,464,-,292,-,-,-,-,230,-,-,290,-
396,Montorie Foster Jr.,WR158,SEA,11,-,-,286,-,-,-,-,-,-,-,-,-,-,-,-,-,-,-,333,-
397,Devin Neal,RB111,NO,8,-,-,315,-,-,-,297,-,466,-,212,-,-,-,-,236,-,-,342,-
398,Josh Oliver,TE53,MIN,6,-,-,373,-,-,-,-,-,309,-,-,-,-,-,-,482,-,-,-,-
399,Sam Roush,TE54,CHI,10,-,-,414,-,-,-,-,-,300,-,387,64,-,-,-,347,-,73,400,-
400,Tahj Brooks,RB112,CIN,6,262,-,302,-,-,-,-,-,475,-,326,-,-,-,-,340,-,-,376,-
401,Dawson Knox,TE55,BUF,7,-,-,401,253,-,-,-,-,483,-,411,-,-,-,-,383,-,-,265,-
402,Harrison Mevis,PK6,FA,,-,180,-,-,125,-,207,-,-,211,-,-,-,-,-,-,-,-,-,197
403,Devin Singletary,RB113,NYG,8,295,-,263,-,-,-,-,333,488,213,340,-,-,-,-,363,-,-,392,-
404,Mitchell Trubisky,QB44,TEN,9,-,-,-,-,-,-,-,-,321,-,-,-,-,-,-,490,-,-,366,-
405,Cincinnati Bengals,TD28,CIN,6,286,-,-,-,-,-,-,259,269,-,-,-,-,-,-,-,-,-,-,-
406,Daniel Bellinger,TE56,TEN,9,-,-,398,-,-,-,-,-,402,-,405,-,-,-,-,431,-,-,335,-
407,Cole Kmet,TE57,CHI,10,-,-,368,-,-,-,-,-,490,-,332,-,-,-,-,309,-,-,269,-
408,Ben Sinnott,TE58,WAS,7,-,-,321,-,-,-,-,-,408,-,298,-,-,-,-,283,-,-,398,-
409,Isaiah Bond,WR159,CLE,11,-,-,311,-,-,-,-,-,471,-,250,-,-,-,-,270,-,-,360,-
410,Michael Carter,RB114,TEN,9,-,-,320,-,-,-,-,-,387,-,318,-,-,-,-,392,-,-,-,-
411,Greg Dortch,WR160,DET,6,-,-,410,-,-,-,-,-,391,-,430,-,-,-,-,-,-,-,339,-
412,Dillon Gabriel,QB45,CLE,11,-,-,-,-,-,-,-,-,277,-,-,-,-,-,-,382,-,-,-,-
413,Lil'Jordan Humphrey,WR161,DEN,10,-,-,-,-,-,-,-,-,282,-,-,-,-,-,-,440,-,-,-,-
414,Jalin Hyatt,WR162,NYG,8,-,-,-,-,-,-,-,-,280,-,366,-,-,-,-,441,-,-,-,-
415,Xavier Legette,WR163,CAR,5,-,-,408,268,-,-,-,-,492,-,258,-,-,-,-,284,-,-,259,-
416,Albert Okwuegbunam Jr.,TE59,LV,13,-,-,-,-,-,-,-,-,278,-,-,-,-,-,-,-,-,-,-,-
417,Eddy Piñeiro,PK7,SF,8,-,197,-,-,147,219,210,229,-,226,-,-,-,-,-,-,-,-,-,215
418,Jared Wiley,TE60,KC,5,-,-,-,-,-,-,-,-,283,-,-,-,-,-,-,-,-,-,-,-
419,Roman Wilson,WR164,PIT,9,-,-,383,277,-,-,-,-,423,-,351,-,-,-,-,360,-,-,337,-
420,Jake Bates,PK8,DET,6,-,165,-,-,156,238,222,196,-,196,-,-,-,-,-,-,-,-,-,209
421,Nathan Carter,RB115,ATL,11,-,-,-,-,-,-,-,-,293,-,-,-,-,-,-,393,-,-,-,-
422,AJ Dillon,RB116,CAR,5,-,-,386,-,-,-,-,-,331,-,-,-,-,-,-,-,-,-,-,-
423,Luke Farrell,TE61,SF,8,-,-,-,-,-,-,-,-,289,-,-,-,-,-,-,-,-,-,-,-
424,Taylen Green,QB46,CLE,11,-,-,356,-,-,-,-,-,-,-,266,58,-,-,-,273,-,51,302,-
425,Isaiah Hodgins,WR165,NYG,8,-,-,-,-,-,-,-,-,286,-,-,-,-,-,-,-,-,-,-,-
426,Mack Hollins,WR166,NE,11,-,-,294,-,-,-,-,-,478,-,377,-,-,-,-,419,-,-,379,-
427,Kaleb Johnson,RB117,PIT,9,-,-,296,-,-,-,-,-,474,-,173,-,-,-,-,189,-,-,381,-
428,Mac Jones,QB47,SF,8,-,-,396,-,-,-,-,361,443,-,277,-,-,-,-,197,-,-,312,-
429,Will Levis,QB48,TEN,9,-,-,-,-,-,-,-,-,292,-,420,-,-,-,-,356,-,-,-,-
430,Tim Patrick,WR167,NYJ,13,-,-,-,-,-,-,-,-,291,-,-,-,-,-,-,-,-,-,-,-
431,Miles Sanders,RB118,FA,,-,-,-,-,-,-,-,-,294,-,413,-,-,-,-,466,-,-,-,-
432,Jonnu Smith,TE62,GB,11,-,-,265,-,-,-,-,-,449,-,327,-,-,-,-,359,-,-,-,-
433,Carson Wentz,QB49,MIN,6,-,-,420,-,-,-,-,-,303,-,-,-,-,-,-,-,-,-,-,-
434,Tyler Badie,RB119,DEN,10,-,-,-,-,-,-,-,-,302,-,-,-,-,-,-,442,-,-,-,-
435,Kendrick Bourne,WR168,ARI,14,-,-,355,251,-,-,-,-,485,-,394,-,-,-,-,462,-,-,349,-
436,Tyler Conklin,TE63,DET,6,-,-,416,-,-,-,-,-,310,-,-,-,-,-,-,-,-,-,-,-
437,Devin Duvernay,WR169,ARI,14,-,-,-,-,-,-,-,-,301,-,-,-,-,-,-,-,-,-,-,-
438,Frank Gore Jr.,RB120,BUF,7,-,-,-,-,-,-,-,-,323,-,-,-,-,-,-,398,-,-,410,-
439,Max Klare,TE64,LAR,11,-,-,367,-,-,-,-,-,439,-,221,29,-,-,-,211,-,31,357,-
440,Jonathan Mingo,WR170,DAL,14,-,-,-,-,-,-,-,-,298,-,-,-,-,-,-,-,-,-,-,-
441,Garrett Nussmeier,QB50,KC,5,-,-,-,-,-,-,-,-,299,-,312,48,-,-,-,255,-,38,-,-
442,Drew Sample,TE65,CIN,6,-,-,-,-,-,-,-,-,295,-,-,-,-,-,-,-,-,-,-,-
443,Ty Simpson,QB51,LAR,11,-,-,387,-,-,-,-,222,456,-,169,23,-,-,-,117,-,10,320,-
444,Jarrett Stidham,QB52,DEN,10,-,-,326,-,-,-,-,-,407,-,-,-,-,-,-,401,-,-,-,-
445,Kaden Wetjen,WR171,PIT,9,-,-,297,-,-,-,-,-,-,-,272,57,-,-,-,434,-,46,375,-
446,Josh Whyle,TE66,GB,11,-,-,-,-,-,-,-,-,297,-,-,-,-,-,-,-,-,-,-,-
447,Jeremy McNichols,RB121,WAS,7,-,-,-,-,-,-,-,-,305,-,-,-,-,-,-,-,-,-,-,-
448,Raheem Mostert,RB122,FA,,-,-,-,-,-,-,-,-,308,-,-,-,-,-,-,323,-,-,-,-
449,Luke Musgrave,TE67,GB,11,-,-,-,-,-,-,-,-,376,-,374,-,-,-,-,389,-,-,364,-
450,Spencer Rattler,QB53,NO,8,-,-,372,-,-,-,-,-,378,-,418,-,-,-,-,375,-,-,419,-
451,Arian Smith,WR172,NYJ,13,-,-,-,-,-,-,-,-,307,-,-,-,-,-,-,491,-,-,-,-
452,Durham Smythe,TE68,BAL,13,-,-,-,-,-,-,-,-,311,-,-,-,-,-,-,-,-,-,-,-
453,Pierre Strong Jr,RB123,GB,11,-,-,-,-,-,-,-,-,313,-,-,-,-,-,-,-,-,-,-,-
454,Jake Bobo,WR173,SEA,11,-,-,-,-,-,-,-,-,322,-,-,-,-,-,-,467,-,-,-,-
455,Jalen Brooks,WR174,ARI,14,-,-,260,-,-,-,-,-,-,-,-,-,-,-,-,-,-,-,-,-
456,Harrison Butker,PK9,KC,5,-,187,-,-,141,-,248,219,-,223,-,-,-,-,-,-,-,-,-,188
457,Tommy DeVito,QB54,NE,11,-,-,394,-,-,-,-,-,404,-,-,-,-,-,-,-,-,-,387,-
458,Isaac Guerendo,RB124,SF,8,-,-,332,-,-,-,-,-,422,-,293,-,-,-,-,334,-,-,425,-
459,Roman Hemby,RB125,LV,13,-,-,344,-,-,-,-,-,-,-,-,-,-,-,-,-,-,-,348,-
460,Elijah Higgins,TE69,ARI,14,-,-,427,-,-,-,-,-,364,-,-,-,-,-,-,483,-,-,386,-
461,DeAndre Hopkins,WR175,FA,,-,-,251,-,-,-,-,-,-,-,400,-,-,-,-,484,-,-,-,-
462,J.J. McCarthy,QB55,MIN,6,-,-,375,-,-,-,-,352,457,-,235,-,-,-,-,157,-,-,347,-
463,Joe Milton III,QB56,DAL,14,-,-,393,-,-,-,-,-,431,-,393,-,-,-,-,321,-,-,361,-
464,Gardner Minshew II,QB57,ARI,14,-,-,360,-,-,-,-,-,393,-,-,-,-,-,-,390,-,-,-,-
465,Philip Rivers,QB58,FA,,-,-,-,-,-,-,-,-,324,-,-,-,-,-,-,345,-,-,-,-
466,Ja'Tavion Sanders,TE70,CAR,5,-,-,278,-,-,-,-,-,473,-,307,-,-,-,-,282,-,-,431,-
467,Tommy Tremble,TE71,CAR,5,-,-,364,-,-,-,-,-,406,-,429,-,-,-,-,465,-,-,408,-
468,Derek Carr,QB59,FA,,-,-,-,-,-,-,-,-,326,-,-,-,-,-,-,380,-,-,-,-
469,Mitchell Evans,TE72,CAR,5,-,-,-,-,-,-,-,-,332,-,383,-,-,-,-,464,-,-,-,-
470,Noah Fant,TE73,NO,8,-,-,413,-,-,-,-,-,370,-,424,-,-,-,-,447,-,-,411,-
471,Jimmy Garoppolo,QB60,FA,,-,-,-,-,-,-,-,-,329,-,-,-,-,-,-,437,-,-,-,-
472,Austin Hooper,TE74,ATL,11,-,-,-,-,-,-,-,-,327,-,-,-,-,-,-,-,-,-,-,-
473,Tyler Loop,PK10,BAL,13,-,202,-,-,171,-,227,238,-,201,-,-,-,-,-,-,-,-,-,211
474,Tanner McKee,QB61,PHI,10,-,-,-,-,-,-,-,-,330,-,406,-,-,-,-,353,-,-,-,-
475,Marquez Valdes-Scantling,WR176,DAL,14,-,-,264,-,-,-,-,-,-,-,-,-,-,-,-,-,-,-,-,-
476,Kyle Allen,QB62,BUF,7,-,-,376,-,-,-,-,-,414,-,-,-,-,-,-,-,-,-,412,-
477,Oscar Delp,TE75,NO,8,-,-,316,-,-,-,-,-,461,-,228,34,-,-,-,240,-,35,421,-
478,Jack Endries,TE76,CIN,6,-,-,412,-,-,-,-,-,-,-,339,50,-,-,-,295,-,59,298,-
479,Zach Ertz,TE77,FA,,-,-,361,-,-,-,-,-,424,-,349,-,-,-,-,395,-,-,417,-
480,Sam Howell,QB63,DAL,14,-,-,-,-,-,-,-,-,340,-,-,-,-,-,-,468,-,-,-,-
481,Lan Larison,RB126,NE,11,-,-,-,-,-,-,-,-,351,-,-,-,-,-,-,-,-,-,420,-
482,Kenny McIntosh,RB127,FA,,-,-,-,-,-,-,-,-,341,-,-,-,-,-,-,416,-,-,-,-
483,Nick Mullens,QB64,JAX,7,-,-,423,-,-,-,-,-,411,-,-,-,-,-,-,-,-,-,363,-
484,Mason Rudolph,QB65,PIT,9,-,-,-,-,-,-,-,-,335,-,-,-,-,-,-,477,-,-,-,-
485,Olamide Zaccheaus,WR177,ATL,11,-,-,308,-,-,-,-,-,481,-,408,-,-,-,-,421,-,-,415,-
486,Will Howard,QB66,PIT,9,-,-,384,-,-,-,-,-,396,-,324,-,-,-,-,253,-,-,-,-
487,Davis Mills,QB67,HOU,8,-,-,424,-,-,-,-,-,416,-,362,-,-,-,-,365,-,-,369,-
488,Raheim Sanders,RB128,CLE,11,-,-,-,-,-,-,-,-,346,-,403,-,-,-,-,456,-,-,-,-
489,Tyrod Taylor,QB68,GB,11,-,-,426,-,-,-,-,-,409,-,-,-,-,-,-,460,-,-,371,-
490,Quinn Ewers,QB69,MIA,6,-,-,421,-,-,-,-,-,379,-,367,-,-,-,-,266,-,-,416,-
491,Tyler Huntley,QB70,BAL,13,-,-,404,-,-,-,-,-,447,-,359,-,-,-,-,414,-,-,368,-
492,Tez Johnson,WR178,TB,10,-,-,359,-,-,-,-,-,470,-,288,-,-,-,-,276,-,-,394,-
493,Jawhar Jordan,RB129,HOU,8,-,-,-,-,-,-,-,-,381,-,409,-,-,-,-,436,-,-,413,-
494,Tanner Koziol,TE78,JAX,7,-,-,334,-,-,-,-,-,-,-,315,70,-,-,-,330,-,65,393,-
495,Sincere McCormick,RB130,SF,8,-,-,291,-,-,-,-,-,-,-,-,-,-,-,-,-,-,-,-,-
496,Kenny Pickett,QB71,CAR,5,-,-,-,-,-,-,-,-,362,-,416,-,-,-,-,455,-,-,-,-
497,Anthony Richardson Sr.,QB72,IND,13,-,-,403,-,-,-,-,-,463,-,281,-,-,-,-,219,-,-,352,-
498,Braxton Berrios,WR179,NYG,8,-,-,-,-,-,-,-,-,-,-,-,-,-,-,-,-,-,-,309,-
499,Andy Borregales,PK11,NE,11,-,-,-,-,-,223,220,313,-,230,-,-,-,-,-,-,-,-,-,216
500,Chris Boswell,PK12,PIT,9,-,-,-,-,167,-,263,248,-,225,-,-,-,-,-,-,-,-,-,203
501,Brandin Cooks,WR180,FA,,-,-,306,-,-,-,-,-,-,-,-,-,-,-,-,410,-,-,-,-
502,Trey Lance,QB73,LAC,7,-,-,399,-,-,-,-,-,401,-,415,-,-,-,-,408,-,-,-,-
503,Damien Martinez,RB131,GB,11,-,-,-,-,-,-,-,-,366,-,425,-,-,-,-,488,-,-,-,-
504,Will Reichard,PK13,FA,,-,201,-,-,181,-,225,-,-,235,-,-,-,-,-,-,-,-,-,214
505,Tyson Bagent,QB74,CHI,10,-,-,411,-,-,-,-,-,444,-,378,-,-,-,-,332,-,-,384,-
506,Nate Boerkircher,TE79,JAX,7,-,-,391,-,-,-,-,-,-,-,345,68,-,-,-,357,-,60,358,-
507,Teddy Bridgewater,QB75,FA,,-,-,-,-,-,-,-,-,377,-,-,-,-,-,-,-,-,-,-,-
508,Joe Flacco,QB76,CIN,6,-,-,400,-,-,-,-,-,484,-,412,-,-,-,-,344,-,-,354,-
509,Ronnie Rivers,RB132,LAR,11,-,-,-,-,-,-,-,-,-,-,-,-,-,-,-,-,-,-,314,-
510,Jake Browning,QB77,TB,10,-,-,425,-,-,-,-,-,398,-,-,-,-,-,-,495,-,-,-,-
511,Noah Brown,WR181,FA,,-,-,-,-,-,-,-,-,-,-,-,-,-,-,-,-,-,-,326,-
512,Andy Dalton,QB78,PHI,10,-,-,-,-,-,-,-,-,385,-,-,-,-,-,-,497,-,-,-,-
513,Marcus Mariota,QB79,WAS,7,-,-,419,-,-,-,-,-,468,-,369,-,-,-,-,305,-,-,367,-
514,Xavier Restrepo,WR182,TEN,9,-,-,-,-,-,-,-,-,-,-,341,-,-,-,-,417,-,-,329,-
515,Jelani Woods,TE80,NYJ,13,-,-,-,-,-,-,-,-,-,-,-,-,-,-,-,-,-,-,324,-
516,Washington Commanders,TD29,WAS,7,-,-,-,-,-,-,-,-,394,-,-,-,-,-,-,-,-,-,-,-
517,Tyler Goodson,RB133,ATL,11,-,-,-,-,-,-,-,-,-,-,-,-,-,-,-,429,-,-,334,-
518,Chase McLaughlin,PK14,TB,10,-,207,-,-,-,248,235,253,-,233,-,-,-,-,-,-,-,-,-,212
519,Evan McPherson,PK15,CIN,6,-,203,-,-,203,-,240,272,-,231,-,-,-,-,-,-,-,-,-,213
520,Adam Trautman,TE81,DEN,10,-,-,422,-,-,-,-,-,-,-,-,-,-,-,-,-,-,-,341,-
521,Charlie Woerner,TE82,ATL,11,-,-,-,-,-,-,-,-,-,-,-,-,-,-,-,-,-,-,343,-
522,Noah Gray,TE83,KC,5,-,-,380,-,-,-,-,-,487,-,328,-,-,-,-,308,-,-,407,-
523,Bauer Sharp,TE84,TB,10,-,-,-,-,-,-,-,-,-,-,414,61,-,-,-,413,-,58,353,-
524,Carson Steele,RB134,PHI,10,-,-,-,-,-,-,-,-,-,-,-,-,-,-,-,-,-,-,346,-
525,Cade Stover,TE85,HOU,8,-,-,-,-,-,-,-,-,-,-,423,-,-,-,-,452,-,-,345,-
526,New York Jets,TD30,NYJ,13,291,-,-,-,-,-,284,-,445,-,-,-,-,-,-,-,-,-,-,-
527,Jackson Hawes,TE86,BUF,7,-,-,415,-,-,-,-,-,-,-,-,-,-,-,-,475,-,-,373,-
528,Marlin Klein,TE87,HOU,8,-,-,382,-,-,-,-,-,-,-,282,69,-,-,-,331,-,70,401,-
529,Lucas Krull,TE88,DEN,10,-,-,-,-,-,-,-,-,-,-,-,-,-,-,-,-,-,-,362,-
530,Wil Lutz,PK16,DEN,10,-,212,-,-,-,-,267,227,-,221,-,-,-,-,-,-,-,-,-,204
531,Miami Dolphins,TD31,MIA,6,-,-,-,-,-,-,-,-,427,-,-,-,-,-,-,-,-,-,-,-
532,Julius Chestnut,RB135,TEN,9,-,-,-,-,-,-,-,-,-,-,-,-,-,-,-,-,-,-,374,-
533,Jerome Ford,RB136,FA,,-,-,-,-,-,-,-,-,435,-,338,-,-,-,-,349,-,-,-,-
534,Joe Royer,TE89,CLE,11,-,-,-,-,-,-,-,-,-,-,398,62,-,-,-,373,-,75,377,-
535,Xavier Smith,WR183,LAR,11,-,-,-,-,-,-,-,-,-,-,-,-,-,-,-,-,-,-,382,-
536,Chris Brazzell II,WR184,CAR,5,-,-,-,-,-,-,-,-,454,-,156,22,-,-,-,178,-,28,-,-
537,Zay Jones,WR185,HOU,8,-,-,-,-,-,-,-,-,-,-,-,-,-,-,-,-,-,-,388,-
538,Seydou Traore,TE90,MIA,6,-,-,-,-,-,-,-,-,-,-,-,75,-,-,-,361,-,54,389,-
539,Ezekiel Elliott,RB137,FA,,-,-,-,-,-,-,-,-,-,-,-,-,-,-,-,-,-,-,403,-
540,Kevin Harris,RB138,FA,,-,-,-,-,-,-,-,-,-,-,-,-,-,-,-,-,-,-,397,-
541,Elijah Moore,WR186,PHI,10,-,-,-,-,-,-,-,-,-,-,-,-,-,-,-,-,-,-,396,-
542,Brevyn Spann-Ford,TE91,DAL,14,-,-,406,-,-,-,-,-,-,-,-,-,-,-,-,-,-,-,426,-
543,Payne Durham,TE92,TB,10,-,-,-,-,-,-,-,-,-,-,-,-,-,-,-,-,-,-,405,-
544,Harrison Mevis,PK17,LAR,11,-,-,-,-,-,226,-,208,-,-,-,-,-,-,-,-,-,-,-,-
545,Cairo Santos,PK18,CHI,10,-,193,-,-,192,-,308,293,-,236,-,-,-,-,-,-,-,-,-,217
546,Jameis Winston,QB80,NYG,8,-,-,418,-,-,-,-,-,480,-,401,-,-,-,-,324,-,-,430,-
547,Arizona Cardinals,TD32,ARI,14,-,-,-,-,-,-,-,-,465,-,-,-,-,-,-,-,-,-,-,-
548,Jake Elliott,PK19,PHI,10,-,-,-,-,197,-,-,256,-,-,-,-,-,-,-,-,-,-,-,-
549,Will Kacmarek,TE93,MIA,6,-,-,417,-,-,-,-,-,-,-,319,56,-,-,-,312,-,53,-,-
550,Will Reichard,PK20,MIN,6,-,-,-,-,-,239,-,232,-,-,-,-,-,-,-,-,-,-,-,-
551,Joey Slye,PK21,TEN,9,-,-,-,-,-,-,294,-,-,-,-,-,-,-,-,-,-,-,-,-
552,Tyler Bass,PK22,BUF,7,-,-,-,-,-,-,-,244,-,237,-,-,-,-,-,-,-,-,-,-
553,Matt Gay,PK23,LV,13,-,-,-,-,208,-,-,-,-,-,-,-,-,-,-,-,-,-,-,-
554,Blake Grupe,PK24,IND,13,-,-,-,-,-,250,-,335,-,-,-,-,-,-,-,-,-,-,-,-
