Round/Pick,Team,Amount,Player,"Player Team","Player Position"
1.1,"Patient Zeros Aids Epidemic",0,,,
1.2,"The Comeback Story",0,,,
1.3,"Stopped The Steal!",0,,,
1.4,Tom,0,"St. Brown, Amon-Ra",DET,WR
1.5,"Lawson Country Lets Ride",0,,,
1.6,"Pollock Debacle",0,,,
1.7,"Ja'Marr & Jahmyr",0,"Gibbs, Jahmyr",DET,RB
1.8,"Trash Pandas",0,,,
1.9,"Svannah Alley Cats",0,,,
1.10,"Sittin Purdy",0,,,
1.11,"Woke Mob Warriors",0,"Taylor, Jonathan",IND,RB
1.12,"Time Stamps",0,"McCaffrey, Christian",SFO,RB
2.1,"Woke Mob Warriors",0,,,
2.2,"The Comeback Story",0,,,
2.3,"Sittin Purdy",0,,,
2.4,"Svannah Alley Cats",0,,,
2.5,"Trash Pandas",0,,,
2.6,"Lawson Country Lets Ride",0,,,
2.7,"Pollock Debacle",0,,,
2.8,"Stopped The Steal!",0,,,
2.9,Tom,0,,,
2.10,"Ja'Marr & Jahmyr",0,"Chase, Ja'Marr",CIN,WR
2.11,"Time Stamps",0,"Robinson, Bijan",ATL,RB
2.12,"Patient Zeros Aids Epidemic",0,"Cook, James",BUF,RB
3.1,"The Comeback Story",0,,,
3.2,"Time Stamps",0,,,
3.3,"Stopped The Steal!",0,,,
3.4,Tom,0,,,
3.5,"Trash Pandas",0,,,
3.6,"Pollock Debacle",0,,,
3.7,"Ja'Marr & Jahmyr",0,,,
3.8,"Lawson Country Lets Ride",0,"Walker III, Kenneth",KCC,RB
3.9,"Svannah Alley Cats",0,,,
3.10,"Sittin Purdy",0,,,
3.11,"Patient Zeros Aids Epidemic",0,,,
3.12,"Woke Mob Warriors",0,,,
4.1,"Ja'Marr & Jahmyr",0,,,
4.2,"Woke Mob Warriors",0,,,
4.3,"Sittin Purdy",0,"Smith-Njigba, Jaxon",SEA,WR
4.4,"Svannah Alley Cats",0,,,
4.5,"Lawson Country Lets Ride",0,,,
4.6,"Time Stamps",0,,,
4.7,"Pollock Debacle",0,,,
4.8,"Trash Pandas",0,"Achane, De'Von",MIA,RB
4.9,Tom,0,,,
4.10,"Stopped The Steal!",0,,,
4.11,"The Comeback Story",0,"Nacua, Puka",LAR,WR
4.12,"Patient Zeros Aids Epidemic",0,,,
5.1,"Patient Zeros Aids Epidemic",0,,,
5.2,"The Comeback Story",0,,,
5.3,"Ja'Marr & Jahmyr",0,,,
5.4,Tom,0,,,
5.5,"Ja'Marr & Jahmyr",0,,,
5.6,"Pollock Debacle",0,,,
5.7,"Stopped The Steal!",0,,,
5.8,"Lawson Country Lets Ride",0,,,
5.9,"Svannah Alley Cats",0,,,
5.10,"Sittin Purdy",0,"Odunze, Rome",CHI,WR
5.11,"Woke Mob Warriors",0,"Pickens, George",DAL,WR
5.12,"Trash Pandas",0,"Smith, DeVonta",PHI,WR
6.1,"Time Stamps",0,,,
6.2,Tom,0,,,
6.3,"Sittin Purdy",0,,,
6.4,"Svannah Alley Cats",0,,,
6.5,"Trash Pandas",0,,,
6.6,"Time Stamps",0,,,
6.7,"Pollock Debacle",0,,,
6.8,"Lawson Country Lets Ride",0,,,
6.9,"The Comeback Story",0,"Brown, Chase",CIN,RB
6.10,"Stopped The Steal!",0,,,
6.11,"Stopped The Steal!",0,,,
6.12,"Patient Zeros Aids Epidemic",0,"Bowers, Brock",LVR,TE
7.1,"Patient Zeros Aids Epidemic",0,,,
7.2,"Woke Mob Warriors",0,,,
7.3,"The Comeback Story",0,,,
7.4,Tom,0,,,
7.5,"Lawson Country Lets Ride",0,,,
7.6,"Pollock Debacle",0,,,
7.7,"Ja'Marr & Jahmyr",0,,,
7.8,"Trash Pandas",0,,,
7.9,"Svannah Alley Cats",0,"Skattebo, Cam",NYG,RB
7.10,"Sittin Purdy",0,,,
7.11,"Stopped The Steal!",0,"Williams, Javonte",DAL,RB
7.12,"Time Stamps",0,,,
8.1,"Time Stamps",0,,,
8.2,"Stopped The Steal!",0,"Loveland, Colston",CHI,TE
8.3,"Sittin Purdy",0,,,
8.4,"Svannah Alley Cats",0,"Warren, Tyler",IND,TE
8.5,"Trash Pandas",0,,,
8.6,"Lawson Country Lets Ride",0,"Egbuka, Emeka",TBB,WR
8.7,"Pollock Debacle",0,,,
8.8,"Ja'Marr & Jahmyr",0,,,
8.9,Tom,0,,,
8.10,"Woke Mob Warriors",0,,,
8.11,"Woke Mob Warriors",0,,,
8.12,"Patient Zeros Aids Epidemic",0,,,
9.1,"Patient Zeros Aids Epidemic",0,,,
9.2,"Woke Mob Warriors",0,,,
9.3,"The Comeback Story",0,,,
9.4,"The Comeback Story",0,,,
9.5,"Lawson Country Lets Ride",0,,,
9.6,"Pollock Debacle",0,,,
9.7,"Ja'Marr & Jahmyr",0,,,
9.8,"Trash Pandas",0,,,
9.9,"Svannah Alley Cats",0,,,
9.10,"Sittin Purdy",0,,,
9.11,"Stopped The Steal!",0,,,
9.12,"Time Stamps",0,,,
10.1,"Time Stamps",0,,,
10.2,"The Comeback Story",0,,,
10.3,"Sittin Purdy",0,,,
10.4,"Svannah Alley Cats",0,,,
10.5,"Trash Pandas",0,,,
10.6,"Ja'Marr & Jahmyr",0,,,
10.7,"Pollock Debacle",0,,,
10.8,"Lawson Country Lets Ride",0,,,
10.9,Tom,0,,,
10.10,"Stopped The Steal!",0,,,
10.11,"Woke Mob Warriors",0,,,
10.12,"Patient Zeros Aids Epidemic",0,,,
11.1,"Patient Zeros Aids Epidemic",0,,,
11.2,"Woke Mob Warriors",0,,,
11.3,"Stopped The Steal!",0,,,
11.4,Tom,0,,,
11.5,"Lawson Country Lets Ride",0,,,
11.6,"Pollock Debacle",0,,,
11.7,"Ja'Marr & Jahmyr",0,,,
11.8,"Trash Pandas",0,,,
11.9,"Svannah Alley Cats",0,,,
11.10,"Sittin Purdy",0,,,
11.11,"The Comeback Story",0,,,
11.12,"Time Stamps",0,,,
12.1,"Time Stamps",0,,,
12.2,"The Comeback Story",0,,,
12.3,"Sittin Purdy",0,,,
12.4,"Svannah Alley Cats",0,,,
12.5,"Trash Pandas",0,,,
12.6,"Ja'Marr & Jahmyr",0,,,
12.7,"Pollock Debacle",0,,,
12.8,"Lawson Country Lets Ride",0,,,
12.9,Tom,0,,,
12.10,Tom,0,,,
12.11,"Woke Mob Warriors",0,,,
12.12,"Patient Zeros Aids Epidemic",0,,,
13.1,"Patient Zeros Aids Epidemic",0,,,
13.2,"Woke Mob Warriors",0,,,
13.3,"Stopped The Steal!",0,,,
13.4,Tom,0,,,
13.5,"Lawson Country Lets Ride",0,,,
13.6,"Pollock Debacle",0,,,
13.7,"Ja'Marr & Jahmyr",0,,,
13.8,"Trash Pandas",0,,,
13.9,"Svannah Alley Cats",0,,,
13.10,"Sittin Purdy",0,,,
13.11,"The Comeback Story",0,,,
13.12,"Time Stamps",0,,,
14.1,"Time Stamps",0,,,
14.2,"The Comeback Story",0,,,
14.3,"Sittin Purdy",0,,,
14.4,"Svannah Alley Cats",0,,,
14.5,"Trash Pandas",0,,,
14.6,"Ja'Marr & Jahmyr",0,,,
14.7,"Pollock Debacle",0,,,
14.8,"Lawson Country Lets Ride",0,,,
14.9,Tom,0,,,
14.10,"Stopped The Steal!",0,,,
14.11,"Woke Mob Warriors",0,,,
14.12,"Patient Zeros Aids Epidemic",0,,,
15.1,"Patient Zeros Aids Epidemic",0,,,
15.2,"Woke Mob Warriors",0,,,
15.3,"Stopped The Steal!",0,,,
15.4,Tom,0,,,
15.5,"Lawson Country Lets Ride",0,,,
15.6,"Pollock Debacle",0,,,
15.7,"Ja'Marr & Jahmyr",0,,,
15.8,"Trash Pandas",0,,,
15.9,"Svannah Alley Cats",0,,,
15.10,"Sittin Purdy",0,,,
15.11,"The Comeback Story",0,,,
15.12,"Time Stamps",0,,,
16.1,"Time Stamps",0,,,
16.2,"The Comeback Story",0,,,
16.3,"Sittin Purdy",0,,,
16.4,"Svannah Alley Cats",0,,,
16.5,"Trash Pandas",0,,,
16.6,"Ja'Marr & Jahmyr",0,,,
16.7,"Pollock Debacle",0,,,
16.8,"Lawson Country Lets Ride",0,,,
16.9,Tom,0,,,
16.10,"Stopped The Steal!",0,,,
16.11,"Woke Mob Warriors",0,,,
16.12,"Patient Zeros Aids Epidemic",0,,,
17.1,"Patient Zeros Aids Epidemic",0,,,
17.2,"Woke Mob Warriors",0,,,
17.3,"Stopped The Steal!",0,,,
17.4,Tom,0,,,
17.5,"Lawson Country Lets Ride",0,,,
17.6,"Pollock Debacle",0,,,
17.7,"Ja'Marr & Jahmyr",0,,,
17.8,"Trash Pandas",0,,,
17.9,"Svannah Alley Cats",0,,,
17.10,"Sittin Purdy",0,,,
17.11,"The Comeback Story",0,,,
17.12,"Time Stamps",0,,,
