"Player","Team","POS","ATT","YDS","TDS","REC","YDS","TDS","FL","FPTS"
" "," ","","",""
"Jahmyr Gibbs","DET","RB1","274.7","1382.5","13.8","71.3","581.0","4.1","1.1","337.4"
"Bijan Robinson","ATL","RB2","285.2","1392.1","8.8","77.3","705.2","3.5","1.8","318.4"
"Christian McCaffrey","SF","RB3","269.7","1094.6","8.7","78.4","691.8","4.6","1.1","295.4"
"Jonathan Taylor","IND","RB4","326.6","1504.6","12.9","42.9","341.5","1.5","1.7","288.7"
"Puka Nacua","LAR","WR1","13.6","85.0","1.4","117.0","1539.0","9.0","1.0","281.3"
"Ja'Marr Chase","CIN","WR2","3.0","17.0","0.0","121.2","1511.2","10.6","1.0","275.4"
"Jaxon Smith-Njigba","SEA","WR3","5.5","30.4","0.1","110.9","1570.0","9.5","1.1","270.8"
"Derrick Henry","BAL","RB5","314.0","1569.8","13.4","18.1","175.1","0.7","1.7","264.8"
"Amon-Ra St. Brown","DET","WR4","3.1","11.8","0.0","117.4","1390.9","10.5","0.4","261.2"
"De'Von Achane","MIA","RB6","238.3","1200.2","6.0","65.2","490.7","4.0","1.0","259.7"
"James Cook III","BUF","RB7","287.7","1405.1","10.3","33.3","283.7","1.9","2.4","253.9"
"Chase Brown","CIN","RB8","238.8","1037.5","7.8","63.8","427.6","4.0","1.1","246.7"
"Saquon Barkley","PHI","RB9","295.8","1299.1","8.2","41.7","330.4","2.1","1.0","243.8"
"Kenneth Walker III","KC","RB10","262.5","1192.1","8.7","45.8","353.4","1.2","0.9","235.2"
"Ashton Jeanty","LV","RB11","258.0","1040.2","7.4","56.7","400.6","3.0","1.1","232.4"
"Josh Jacobs","GB","RB12","274.2","1102.2","11.7","35.3","280.0","1.2","1.3","231.0"
"Omarion Hampton","LAC","RB13","243.7","1034.8","9.5","50.2","342.8","1.9","1.0","229.1"
"Jeremiyah Love","ARI","RB14","237.2","1068.9","7.2","54.7","429.1","2.1","2.2","228.6"
"Drake London","ATL","WR5","0.0","0.0","0.0","98.4","1272.9","8.8","1.0","227.1"
"CeeDee Lamb","DAL","WR6","2.4","12.6","0.0","97.5","1295.6","7.5","0.3","224.3"
"Justin Jefferson","MIN","WR7","1.3","5.5","0.0","98.9","1310.9","7.1","0.3","223.4"
"Kyren Williams","LAR","RB15","240.2","1118.4","10.1","33.8","239.6","2.2","1.5","223.3"
"Breece Hall","NYJ","RB16","249.0","1113.5","6.2","46.4","404.1","2.2","1.7","222.2"
"Rashee Rice","KC","WR8","5.4","25.6","0.9","96.9","1071.4","9.6","0.6","219.8"
"Javonte Williams","DAL","RB17","256.2","1160.4","10.4","33.0","192.0","1.2","1.6","217.8"
"Chris Olave","NO","WR9","0.3","0.0","0.0","95.8","1195.5","7.9","0.3","214.1"
"Travis Etienne Jr.","NO","RB18","253.2","1070.7","5.4","45.3","356.8","3.0","1.0","214.0"
"A.J. Brown","NE","WR10","0.0","0.0","0.0","87.6","1232.0","7.7","0.3","212.4"
"Cam Skattebo","NYG","RB19","236.7","987.3","7.9","43.3","343.3","2.2","1.6","212.2"
"George Pickens","DAL","WR11","0.3","0.0","0.0","82.5","1200.6","8.4","0.4","210.8"
"Nico Collins","HOU","WR12","1.4","8.3","0.4","82.5","1207.2","7.2","0.8","206.7"
"D'Andre Swift","CHI","RB20","233.4","1054.4","8.0","35.1","303.5","1.0","1.0","205.9"
"Trey McBride","ARI","TE1","0.0","0.0","0.0","108.9","1069.1","6.8","0.2","201.6"
"Zay Flowers","BAL","WR13","9.9","58.8","0.5","81.2","1157.5","6.5","1.5","201.2"
"Malik Nabers","NYG","WR14","2.8","8.3","0.1","81.4","1083.1","8.4","0.4","199.9"
"Bucky Irving","TB","RB21","252.7","1004.7","5.8","39.6","333.3","2.2","1.0","199.8"
"Quinshon Judkins","CLE","RB22","289.9","1107.3","8.1","32.0","219.3","0.6","0.9","199.1"
"Brock Bowers","LV","TE2","0.0","0.0","0.0","96.6","1022.9","7.5","0.2","195.4"
"Garrett Wilson","NYJ","WR15","1.1","4.3","0.0","96.4","1094.5","6.4","1.0","194.6"
"Tetairoa McMillan","CAR","WR16","0.0","0.0","0.0","81.2","1146.7","6.6","0.9","193.2"
"DeVonta Smith","PHI","WR17","0.0","0.0","0.0","87.8","1134.9","6.0","0.3","192.9"
"Bhayshul Tuten","JAC","RB23","239.4","979.6","8.2","29.2","222.1","2.1","2.2","192.7"
"Emeka Egbuka","TB","WR18","1.4","7.3","0.0","73.2","1097.8","7.5","0.3","191.6"
"Davante Adams","LAR","WR19","0.0","0.0","0.0","68.5","926.2","10.2","0.2","187.7"
"Tee Higgins","CIN","WR20","0.0","0.0","0.0","70.8","965.3","9.1","0.2","186.3"
"Jameson Williams","DET","WR21","7.3","42.0","0.5","64.4","1065.4","6.6","0.2","185.1"
"Ladd McConkey","LAC","WR22","0.0","0.0","0.0","79.2","1010.1","6.8","0.3","180.7"
"David Montgomery","HOU","RB24","231.5","959.7","7.7","30.8","228.2","0.5","1.5","180.5"
"Jadarian Price","SEA","RB25","215.5","913.2","8.0","26.4","220.1","1.1","2.0","176.8"
"Terry McLaurin","WAS","WR23","0.3","0.3","0.0","69.0","972.1","7.4","0.3","175.3"
"Rome Odunze","CHI","WR24","0.3","1.3","0.0","62.4","963.3","7.8","0.3","173.9"
"TreVeyon Henderson","NE","RB26","185.7","852.2","6.9","35.2","244.2","1.2","0.8","173.8"
"DJ Moore","BUF","WR25","10.3","54.0","0.5","69.4","905.1","7.0","0.8","173.8"
"Jaylen Waddle","DEN","WR26","1.7","12.4","0.0","74.2","991.8","6.0","0.3","173.1"
"Rhamondre Stevenson","NE","RB27","168.6","723.1","6.9","39.5","334.7","1.7","2.1","173.0"
"Jaylen Warren","PIT","RB28","188.0","827.5","4.8","42.4","322.1","1.5","0.9","172.1"
"Tony Pollard","TEN","RB29","236.2","1034.1","5.5","31.9","208.2","0.5","2.1","171.9"
"Colston Loveland","CHI","TE3","0.0","0.0","0.0","79.1","927.1","6.7","0.2","171.8"
"Luther Burden III","CHI","WR27","7.7","38.2","0.1","72.7","972.7","5.7","0.3","171.7"
"Mike Evans","SF","WR28","0.0","0.0","0.0","67.2","945.6","6.9","0.2","169.4"
"Christian Watson","GB","WR29","1.7","8.0","0.0","57.9","930.0","7.3","0.3","166.6"
"J.K. Dobbins","DEN","RB30","219.9","1027.8","6.9","19.5","104.5","0.6","0.7","166.4"
"Marvin Harrison Jr.","ARI","WR30","0.0","0.0","0.0","67.3","961.3","6.0","0.3","165.2"
"Courtland Sutton","DEN","WR31","0.0","0.0","0.0","67.4","884.3","7.2","0.2","164.9"
"Rico Dowdle","PIT","RB31","200.0","870.1","5.8","31.7","222.3","1.0","1.0","164.4"
"Alec Pierce","IND","WR32","0.0","0.0","0.0","56.5","977.2","6.4","0.3","164.0"
"DK Metcalf","PIT","WR33","0.7","3.3","0.3","64.3","927.1","6.1","0.2","163.1"
"Tyler Warren","IND","TE4","0.0","0.0","0.0","79.0","878.5","5.5","0.3","159.7"
"Chuba Hubbard","CAR","RB32","178.2","728.9","5.0","36.4","256.4","1.8","0.9","155.4"
"Parker Washington","JAC","WR34","5.0","13.6","0.1","62.6","863.2","5.7","0.4","153.1"
"Harold Fannin Jr.","CLE","TE5","0.0","0.0","0.0","79.9","818.7","5.4","0.8","152.7"
"Brian Thomas Jr.","JAC","WR35","2.7","17.7","0.4","58.0","871.6","5.4","0.2","152.1"
"George Kittle","SF","TE6","0.0","0.0","0.0","69.4","787.6","6.2","0.2","150.4"
"Michael Pittman Jr.","PIT","WR36","0.0","0.0","0.0","80.5","806.1","5.0","0.3","150.1"
"Jonathon Brooks","CAR","RB33","188.3","777.9","5.1","29.6","225.2","1.1","1.5","149.3"
"Kyle Pitts Sr.","ATL","TE7","0.0","0.0","0.0","77.2","845.2","4.4","0.1","149.2"
"Sam LaPorta","DET","TE8","0.0","0.0","0.0","70.4","813.9","5.5","0.2","148.9"
"Tucker Kraft","GB","TE9","0.0","0.0","0.0","61.5","785.8","6.5","0.2","147.7"
"Kenny Gainwell","TB","RB34","116.6","512.1","4.2","49.7","351.9","2.0","0.9","146.7"
"Dallas Goedert","PHI","TE10","0.0","0.0","0.0","65.5","689.2","7.6","0.2","146.7"
"Carnell Tate","TEN","WR37","0.7","3.0","0.0","65.2","887.5","4.5","1.4","145.8"
"Travis Kelce","KC","TE11","0.0","0.0","0.0","75.3","786.3","4.9","0.3","144.9"
"Kyle Monangai","CHI","RB35","191.3","818.0","5.2","22.9","195.0","0.4","0.7","144.8"
"Jayden Reed","GB","WR38","12.0","86.9","0.1","63.1","757.7","4.8","0.4","144.8"
"Jakobi Meyers","JAC","WR39","4.3","22.7","0.1","68.3","787.7","5.1","0.8","144.6"
"Michael Wilson","ARI","WR40","0.0","0.7","0.0","67.5","839.8","4.5","0.2","144.2"
"Rachaad White","WAS","RB36","137.0","605.6","5.4","35.8","247.9","1.6","0.8","143.4"
"Quentin Johnston","LAC","WR41","1.7","5.9","0.0","53.6","757.3","6.9","0.7","143.1"
"Chris Godwin Jr.","TB","WR42","0.3","0.3","0.0","67.8","773.9","5.2","0.3","141.8"
"Jordan Addison","MIN","WR43","2.7","37.1","0.4","55.2","758.4","5.4","0.2","141.3"
"Jacory Croskey-Merritt","WAS","RB37","185.1","831.7","7.5","12.4","91.3","0.2","1.8","141.2"
"Aaron Jones Sr.","MIN","RB38","149.9","638.8","3.1","40.7","300.7","1.7","1.0","140.8"
"Xavier Worthy","KC","WR44","15.5","99.4","0.9","55.2","723.3","4.2","0.2","140.1"
"RJ Harvey","DEN","RB39","107.6","406.3","4.0","45.9","341.6","3.2","0.7","139.2"
"Wan'Dale Robinson","TEN","WR45","2.0","9.5","0.1","79.9","805.6","3.0","0.3","139.1"
"Jordan Mason","MIN","RB40","192.8","878.7","6.1","14.5","75.8","0.1","1.1","138.0"
"Mark Andrews","BAL","TE12","0.0","0.0","0.0","59.6","618.8","7.7","0.3","137.4"
"Romeo Doubs","NE","WR46","0.0","0.0","0.0","57.1","744.6","5.4","0.3","135.2"
"Deebo Samuel Sr.","SF","WR47","29.1","112.2","1.1","56.3","635.9","4.4","0.4","134.8"
"Isaiah Likely","NYG","TE13","0.0","0.0","0.0","63.1","745.3","5.0","1.3","133.7"
"Matthew Golden","GB","WR48","5.5","27.3","0.1","55.9","758.7","4.6","0.4","133.5"
"De'Zhaun Stribling","SF","WR49","1.5","6.5","0.0","54.0","799.0","4.7","1.3","133.5"
"Stefon Diggs","WAS","WR50","0.3","0.7","0.0","67.0","747.1","4.2","0.2","132.7"
"Blake Corum","LAR","RB41","167.6","801.5","6.4","11.9","80.4","0.2","0.7","132.6"
"Rashid Shaheed","SEA","WR51","13.4","88.9","0.3","49.9","755.8","3.8","0.8","131.8"
"Dalton Kincaid","BUF","TE14","0.0","0.0","0.0","57.1","706.8","5.5","0.2","131.6"
"KC Concepcion","CLE","WR52","4.2","22.5","0.1","61.3","784.5","3.6","1.3","130.8"
"Jake Ferguson","DAL","TE15","0.0","0.0","0.0","74.0","606.4","6.0","1.4","130.5"
"Khalil Shakir","BUF","WR53","1.1","5.5","0.0","69.7","726.3","3.9","0.8","130.1"
"Josh Downs","IND","WR54","1.4","4.2","0.0","68.8","704.9","4.2","0.8","129.3"
"Jalen Coker","CAR","WR55","0.0","0.0","0.0","60.7","718.0","4.5","0.8","127.4"
"Hunter Henry","NE","TE16","0.0","0.0","0.0","55.5","650.6","5.4","0.1","125.2"
"Calvin Ridley","TEN","WR56","4.5","27.6","0.6","46.7","762.4","3.2","0.2","124.8"
"Makai Lemon","PHI","WR57","1.5","6.5","0.0","52.8","738.2","4.4","1.3","124.5"
"Denzel Boston","CLE","WR58","1.0","5.0","0.0","58.7","746.5","3.5","1.3","122.8"
"Juwan Johnson","NO","TE17","0.0","0.0","0.0","64.7","730.3","3.3","1.3","122.4"
"Brenton Strange","JAC","TE18","0.0","0.0","0.0","60.0","661.2","4.3","0.2","121.7"
"Jerry Jeudy","CLE","WR59","0.5","2.0","0.0","56.0","752.8","2.9","0.7","119.2"
"Tre Tucker","LV","WR60","11.2","54.6","0.2","50.2","631.6","3.8","0.1","117.0"
"Dalton Schultz","HOU","TE19","0.0","0.0","0.0","65.8","627.1","3.4","0.2","115.4"
"Tyjae Spears","TEN","RB42","94.8","379.6","3.0","45.8","306.1","1.2","0.7","115.2"
"Rashod Bateman","BAL","WR61","0.0","0.0","0.0","38.8","598.6","6.0","0.2","114.8"
"Isiah Pacheco","DET","RB43","148.2","628.7","3.8","21.6","135.1","0.9","0.8","113.6"
"Zach Charbonnet","SEA","RB44","130.5","533.0","5.6","19.8","147.0","0.5","0.7","113.2"
"Keenan Allen","IND","WR62","0.0","0.0","0.0","58.6","607.2","3.8","0.3","112.5"
"Woody Marks","HOU","RB45","142.7","555.8","2.7","24.1","197.0","1.8","0.8","112.3"
"Jalen McMillan","TB","WR63","4.7","26.8","0.1","46.6","607.3","3.9","0.2","110.5"
"Jauan Jennings","MIN","WR64","0.0","0.0","0.0","48.7","557.7","5.2","0.7","109.7"
"T.J. Hockenson","MIN","TE20","0.0","0.0","0.0","63.9","574.5","3.3","0.2","108.7"
"Pat Freiermuth","PIT","TE21","0.0","0.0","0.0","53.0","560.0","4.3","0.2","107.6"
"Ja'Kobi Lane","BAL","WR65","1.5","8.5","0.0","37.8","569.3","5.2","0.7","106.8"
"Greg Dulcich","MIA","TE22","0.0","0.0","0.0","54.6","620.0","3.2","1.2","106.2"
"Jalen Nailor","LV","WR66","2.0","9.0","0.0","43.7","587.7","4.0","0.2","105.3"
"Terrance Ferguson","LAR","TE23","0.0","0.0","0.0","39.0","533.4","5.1","0.2","103.3"
"Devaughn Vele","NO","WR67","0.0","0.0","0.0","47.3","567.7","3.7","0.2","102.1"
"Kayshon Boutte","HOU","WR68","0.0","0.0","0.0","39.9","555.9","4.4","0.2","101.8"
"Alvin Kamara","NO","RB46","114.0","440.1","2.4","32.6","228.3","1.0","0.8","101.6"
"Cooper Kupp","SEA","WR69","0.5","1.5","0.0","47.4","584.8","3.4","0.7","101.5"
"Cade Otton","TB","TE24","0.0","0.0","0.0","54.8","557.4","3.1","0.1","101.5"
"Kenyon Sadiq","NYJ","TE25","0.0","0.0","0.0","49.0","537.6","4.0","0.7","100.8"
"AJ Barner","SEA","TE26","0.0","0.0","0.0","48.6","469.9","4.9","0.2","100.1"
"Chig Okonkwo","WAS","TE27","0.0","0.0","0.0","52.8","569.5","2.8","0.1","99.8"
"Tank Dell","HOU","WR70","10.2","48.8","0.1","42.2","527.1","3.2","0.2","98.2"
"Justice Hill","BAL","RB47","56.4","273.7","2.2","32.7","283.4","1.8","0.2","95.7"
"Adonai Mitchell","NYJ","WR71","2.1","5.1","0.1","39.9","550.5","3.3","0.7","94.2"
"Darren Waller","CAR","TE28","0.0","0.0","0.0","43.4","446.5","4.7","0.1","94.2"
"Chris Rodriguez Jr.","JAC","RB48","135.5","560.8","5.1","5.4","42.8","0.1","0.6","92.9"
"Mike Washington Jr.","LV","RB49","126.0","487.1","3.1","17.7","143.5","0.6","1.2","92.0"
"Travis Hunter","JAC","WR72","2.0","10.8","0.1","41.6","496.6","3.3","0.4","91.0"
"AJ Dillon","CAR","RB50","121.0","532.0","3.0","18.0","146.0","1.0","5.0","90.8"
"Dylan Sampson","CLE","RB51","74.2","257.2","1.4","36.3","285.1","2.1","1.2","90.6"
"Evan Engram","DEN","TE29","0.0","0.0","0.0","53.4","475.9","2.7","0.1","90.4"
"Tyler Allgeier","ARI","RB52","111.7","425.3","4.7","17.1","110.9","0.2","0.6","90.0"
"Braelon Allen","NYJ","RB53","111.8","449.0","4.5","13.9","100.6","0.7","1.7","89.5"
"Malik Washington","MIA","WR73","13.5","80.8","0.7","45.4","411.9","2.4","0.8","88.9"
"Germie Bernard","PIT","WR74","2.1","10.8","0.0","41.2","508.2","2.9","0.7","88.6"
"Dontayvion Wicks","PHI","WR75","0.0","0.0","0.0","39.5","517.7","2.9","0.4","88.2"
"Jordyn Tyson","NO","WR76","1.0","3.5","0.0","37.8","529.1","2.9","0.7","87.9"
"Bub Means","NO","WR77","1.0","7.0","0.0","38.0","519.0","3.0","1.0","87.6"
"Samaje Perine","CIN","RB54","98.5","441.8","3.7","17.9","135.7","0.4","1.9","87.2"
"Gunnar Helm","TEN","TE30","0.0","0.0","0.0","48.9","444.1","3.1","0.2","87.1"
"Antonio Williams","WAS","WR78","3.5","18.7","0.1","35.5","496.7","3.1","1.2","86.4"
"David Njoku","LAC","TE31","0.0","0.0","0.0","42.3","396.6","4.3","0.1","86.3"
"Jaylin Noel","HOU","WR79","5.1","17.6","0.1","39.8","450.0","3.2","0.2","86.0"
"Mike Gesicki","CIN","TE32","0.0","0.0","0.0","41.4","434.3","3.6","0.1","85.4"
"Caleb Douglas","MIA","WR80","1.0","5.5","0.0","39.5","508.8","2.6","0.7","85.1"
"Omar Cooper Jr.","NYJ","WR81","2.1","12.5","0.1","38.4","458.0","3.1","0.7","83.9"
"Kaelon Black","SF","RB55","113.6","452.7","3.6","10.6","94.9","0.7","1.2","83.4"
"Tyrone Tracy Jr.","NYG","RB56","86.5","366.1","1.8","23.6","181.0","1.1","0.6","83.1"
"Ty Johnson","BUF","RB57","51.9","222.2","2.1","22.8","244.0","2.1","0.2","82.9"
"Brian Robinson Jr.","ATL","RB58","120.2","517.1","3.9","7.3","46.7","0.1","0.7","82.5"
"Tory Horton","SEA","WR82","0.5","3.0","0.0","30.3","401.5","4.7","0.6","82.3"
"Darius Slayton","NYG","WR83","1.6","8.6","0.0","35.8","526.2","2.0","0.7","82.3"
"Oronde Gadsden II","LAC","TE33","0.0","0.0","0.0","37.8","474.9","2.8","0.6","82.2"
"Troy Franklin","DEN","WR84","3.0","10.8","0.0","36.5","402.7","3.9","0.6","82.0"
"MarShawn Lloyd","GB","RB59","93.8","401.5","3.4","16.0","115.3","0.4","0.4","81.5"
"Chris Bell","MIA","WR85","1.0","5.5","0.0","37.2","469.5","2.7","0.6","80.8"
"Tank Bigsby","PHI","RB60","104.6","510.9","4.2","3.8","31.8","0.1","0.7","80.3"
"Tyquan Thornton","KC","WR86","0.0","0.0","0.0","25.4","467.5","3.5","0.1","80.2"
"Mason Taylor","NYJ","TE34","0.0","0.0","0.0","46.1","405.9","2.5","0.1","78.2"
"Keaton Mitchell","LAC","RB61","95.6","432.8","2.2","15.5","114.5","0.4","0.7","76.6"
"Xavier Legette","CAR","WR87","2.1","10.8","0.1","35.9","417.5","2.6","0.4","75.8"
"Jahan Dotson","ATL","WR88","0.0","0.0","0.0","35.2","443.3","2.3","0.3","74.9"
"Emari Demercado","KC","RB62","76.8","427.5","1.7","16.4","119.8","0.8","1.7","74.6"
"Colby Parkinson","LAR","TE35","0.0","0.0","0.0","33.3","342.5","4.0","0.6","73.8"
"Tre' Harris","LAC","WR89","0.0","0.0","0.0","34.5","410.5","2.5","0.4","72.5"
"Isaac TeSlaa","DET","WR90","0.0","0.0","0.0","25.4","352.4","4.1","0.1","72.4"
"Ryan Flournoy","DAL","WR91","2.2","12.5","0.1","33.8","383.1","2.7","0.4","72.3"
"Michael Mayer","LV","TE36","0.0","0.0","0.0","40.0","376.3","2.1","0.1","70.0"
"Jordan James","SF","RB63","80.7","322.6","2.5","14.0","131.6","0.6","1.1","68.8"
"Christian Kirk","SF","WR92","0.0","0.0","0.0","32.4","381.1","2.4","0.0","68.7"
"Najee Harris","NYG","RB64","93.4","390.8","2.6","10.6","75.6","0.2","0.2","68.6"
"Ted Hurst III","TB","WR93","1.0","6.5","0.0","28.9","389.9","2.6","0.6","68.2"
"Jalen Tolbert","MIA","WR94","0.0","0.0","0.0","33.2","411.1","1.7","0.3","67.0"
"Hollywood Brown","PHI","WR95","0.0","0.0","0.0","28.2","349.9","3.0","0.1","67.0"
"Malik Benson","LV","WR96","1.0","4.0","0.0","33.2","397.7","1.9","0.6","67.0"
"Elic Ayomanor","TEN","WR97","0.0","0.0","0.0","25.4","342.8","3.3","0.0","66.8"
"Xavier Hutchinson","HOU","WR98","2.1","14.2","0.0","30.9","369.4","2.1","0.1","66.1"
"DeMario Douglas","NE","WR99","4.1","21.4","0.2","30.2","365.3","2.0","0.4","66.1"
"Andrei Iosivas","CIN","WR100","2.5","11.0","0.0","27.8","352.4","2.6","0.1","65.6"
"Chimere Dike","TEN","WR101","10.1","33.7","0.3","27.8","271.6","3.4","0.6","65.3"
"Dawson Knox","BUF","TE37","0.0","0.0","0.0","28.6","331.7","2.9","0.1","64.9"
"Zachariah Branch","ATL","WR102","0.0","0.0","0.0","31.4","381.7","1.9","0.3","64.6"
"Keon Coleman","BUF","WR103","0.0","0.0","0.0","24.4","337.7","2.8","0.2","62.4"
"Theo Johnson","NYG","TE38","0.0","0.0","0.0","27.8","313.7","2.9","0.1","62.3"
"Adam Randall","BAL","RB65","55.1","281.7","2.0","10.8","108.9","1.1","0.6","61.7"
"Darnell Mooney","NYG","WR104","2.2","11.9","0.1","24.1","349.3","1.9","0.2","59.4"
"Darnell Washington","PIT","TE39","0.0","0.0","0.0","30.7","329.1","2.0","0.6","58.8"
"Pat Bryant","DEN","WR105","0.0","0.0","0.0","28.4","320.5","2.1","0.3","58.4"
"Malik Davis","DAL","RB66","73.6","344.8","2.5","6.6","52.3","0.1","0.6","57.4"
"Joshua Palmer","BUF","WR106","0.0","0.0","0.0","25.9","342.2","1.6","0.1","56.8"
"Tyler Higbee","LAR","TE40","0.0","0.0","0.0","25.1","296.5","2.4","0.0","56.6"
"Chris Brooks","GB","RB67","72.7","324.6","1.3","13.4","93.3","0.2","0.6","56.5"
"Ashton Dulin","IND","WR107","5.1","46.1","0.1","17.5","338.3","1.3","0.1","55.3"
"Malachi Fields","NYG","WR108","0.0","0.0","0.0","26.3","321.3","1.8","0.3","55.2"
"Marvin Mims Jr.","DEN","WR109","8.2","45.2","0.3","24.1","273.1","1.6","0.4","54.8"
"KaVontae Turpin","DAL","WR110","17.8","103.2","0.4","18.1","229.5","1.7","0.4","54.5"
"Cole Kmet","CHI","TE41","0.0","0.0","0.0","26.2","274.1","2.2","0.1","53.7"
"Erick All Jr.","CIN","TE42","0.0","0.0","0.0","30.5","268.1","1.9","0.1","53.5"
"Zavion Thomas","CHI","WR111","1.5","6.5","0.0","23.2","304.8","2.1","1.1","53.3"
"James Conner","ARI","RB68","42.5","153.5","1.5","18.0","138.0","1.0","0.0","53.2"
"Kimani Vidal","LAC","RB69","60.2","234.2","1.6","11.9","104.0","0.7","0.1","53.0"
"Jack Bech","LV","WR112","0.0","0.0","0.0","27.7","315.0","1.2","0.3","52.0"
"Jaydon Blue","DAL","RB70","62.4","263.0","2.0","8.7","61.7","0.4","0.3","50.3"
"Savion Williams","GB","WR113","9.0","46.9","0.3","20.5","230.8","1.7","0.3","49.5"
"Noah Fant","NO","TE43","0.0","0.0","0.0","29.3","274.4","1.6","1.6","48.6"
"Will Kacmarek","MIA","TE44","0.0","0.0","0.0","26.6","250.7","1.9","0.6","48.5"
"Jahdae Walker","CHI","WR114","0.5","3.5","0.0","17.6","232.8","2.7","0.0","48.4"
"Emanuel Wilson","SEA","RB71","70.2","290.5","1.7","7.7","52.1","0.0","0.5","47.4"
"Jaylen Wright","MIA","RB72","79.9","308.9","1.5","7.2","52.5","0.1","1.2","47.1"
"Elijah Arroyo","SEA","TE45","0.0","0.0","0.0","23.6","240.1","1.9","0.2","46.6"
"Mack Hollins","NE","WR115","0.0","0.0","0.0","21.5","257.6","1.6","0.2","45.7"
"Charlie Kolar","LAC","TE46","0.0","0.0","0.0","20.2","230.3","2.0","0.1","45.3"
"Tutu Atwell","LAR","WR116","2.2","11.4","0.1","21.1","301.4","0.5","0.2","44.7"
"Jawhar Jordan","HOU","RB73","51.3","218.0","1.1","11.0","86.0","0.5","0.5","44.6"
"Jonah Coleman","DEN","RB74","48.8","203.2","1.6","10.2","74.8","0.4","0.2","44.3"
"Demarcus Robinson","SF","WR117","0.5","2.5","0.0","17.6","251.5","1.7","0.0","44.1"
"Cyrus Allen","KC","WR118","0.0","0.0","0.0","19.4","245.8","1.6","0.2","43.2"
"Brock Wright","DET","TE47","0.0","0.0","0.0","20.9","187.6","2.3","0.0","43.0"
"Josh Oliver","MIN","TE48","0.0","0.0","0.0","18.6","194.3","2.4","0.1","42.8"
"Kyle Juszczyk","SF","RB75","4.2","10.3","0.1","23.7","207.8","1.5","0.1","42.8"
"Luke McCaffrey","WAS","WR119","0.0","0.0","0.0","14.4","221.1","2.3","0.0","42.7"
"Kyle Williams","NE","WR120","4.1","22.4","0.2","16.0","232.3","1.4","0.2","42.6"
"Daniel Bellinger","TEN","TE49","0.0","0.0","0.0","19.3","222.3","1.8","0.0","42.3"
"Emmett Johnson","KC","RB76","49.5","206.3","1.6","8.4","59.5","0.4","0.2","42.2"
"Austin Hooper","ATL","TE50","0.0","0.0","0.0","21.9","225.4","1.3","0.1","41.0"
"Tommy Tremble","CAR","TE51","0.0","0.0","0.0","21.1","197.8","1.8","0.1","40.8"
"Noah Gray","KC","TE52","0.0","0.0","0.0","21.1","212.0","1.5","0.1","40.5"
"Eli Stowers","PHI","TE53","0.0","0.0","0.0","20.9","214.5","1.4","0.6","39.1"
"Theo Wease Jr.","MIA","WR189","0.0","0.0","0.0","16.0","233.0","1.3","0.0","39.1"
"Kendrick Bourne","ARI","WR121","0.0","0.0","0.0","22.8","239.2","0.7","0.2","38.9"
"Dyami Brown","WAS","WR122","0.0","0.0","0.0","15.9","216.9","1.6","0.2","38.8"
"Isaiah Davis","NYJ","RB77","35.1","174.7","1.2","9.9","78.6","0.2","0.1","38.4"
"Adam Trautman","DEN","TE54","0.0","0.0","0.0","19.3","197.2","1.5","0.0","38.2"
"Treylon Burks","WAS","WR123","0.0","0.0","0.0","15.0","217.8","1.4","0.1","37.2"
"George Holani","SEA","RB78","38.9","164.1","1.5","8.0","62.2","0.3","0.2","37.1"
"Eli Raridon","NE","TE55","0.0","0.0","0.0","18.8","195.4","1.6","0.6","37.1"
"Kalif Raymond","CHI","WR124","4.6","27.2","0.2","19.2","186.9","0.9","0.2","36.8"
"Devontez Walker","BAL","WR125","0.0","0.0","0.0","14.5","208.8","1.5","0.2","36.6"
"LeQuint Allen Jr.","JAC","RB79","32.0","126.0","0.6","15.3","99.1","0.4","0.1","36.2"
"Davis Allen","LAR","TE56","0.0","0.0","0.0","16.9","157.3","1.9","0.0","35.4"
"Ben Sims","MIA","TE57","0.0","0.0","0.0","19.5","184.6","1.2","0.0","35.1"
"Ja'Tavion Sanders","CAR","TE58","0.0","0.0","0.0","22.3","178.1","1.0","0.1","35.0"
"Elijah Higgins","ARI","TE59","0.0","0.0","0.0","22.0","201.5","0.8","0.6","35.0"
"Marlin Klein","HOU","TE60","0.0","0.0","0.0","19.5","192.5","1.1","0.5","34.6"
"Luke Musgrave","GB","TE61","0.0","0.0","0.0","18.8","183.8","1.1","0.0","34.4"
"Jerome Ford","WAS","RB80","35.0","194.0","1.0","8.0","46.0","0.0","0.0","34.0"
"John Bates","WAS","TE62","0.0","0.0","0.0","17.1","169.9","1.6","0.6","33.9"
"Frank Gore Jr.","BUF","RB81","37.0","175.0","2.0","3.0","26.0","0.0","0.0","33.6"
"Roschon Johnson","CHI","RB82","34.0","116.0","3.0","3.0","18.0","0.0","0.0","32.9"
"Ollie Gordon II","MIA","RB83","49.4","203.5","1.2","3.9","27.7","0.1","0.2","32.8"
"Colbie Young","CIN","WR126","0.0","0.0","0.0","14.1","176.3","1.3","0.1","32.4"
"Jeremy Ruckert","NYJ","TE63","0.0","0.0","0.0","19.7","146.2","1.3","0.0","32.0"
"Trayveon Williams","DET","RB84","32.0","138.0","1.0","9.0","77.0","0.0","0.0","32.0"
"Ray Davis","BUF","RB85","32.3","137.9","1.1","7.8","60.0","0.4","0.2","32.0"
"Bryce Lance","NO","WR127","0.0","0.0","0.0","15.1","193.2","0.9","0.2","31.9"
"DJ Giddens","IND","RB86","33.3","140.5","1.0","8.4","58.3","0.3","0.2","31.6"
"Sean Tucker","TB","RB87","39.3","163.6","2.2","1.5","10.2","0.0","0.1","31.4"
"Jake Tonges","SF","TE64","0.0","0.0","0.0","15.8","156.8","1.3","0.0","31.0"
"Nate Boerkircher","JAC","TE65","0.0","0.0","0.0","14.9","156.8","1.3","0.5","29.8"
"Jaylin Lane","WAS","WR128","0.0","0.0","0.0","12.4","159.5","1.1","0.1","28.4"
"Elijah Sarratt","BAL","WR129","0.0","0.0","0.0","11.1","165.8","1.0","0.1","28.0"
"Brashard Smith","KC","RB88","25.0","89.5","0.5","10.5","71.0","0.5","0.0","27.3"
"Nick Vannett","SEA","TE66","0.0","0.0","0.0","10.0","95.0","2.0","0.0","26.5"
"Drew Sample","CIN","TE67","0.0","0.0","0.0","15.2","123.2","1.1","0.1","26.3"
"Nate Adkins","DEN","TE68","0.0","0.0","0.0","11.9","88.4","1.8","0.0","25.8"
"Isaiah Bond","CLE","WR130","4.3","23.6","0.1","10.0","132.5","0.8","0.1","25.7"
"Jordan Whittington","LAR","WR131","2.3","12.1","0.1","11.3","128.2","0.9","0.1","25.6"
"Cade Stover","HOU","TE69","0.0","0.0","0.0","15.2","127.7","0.9","0.1","25.5"
"Jackson Hawes","BUF","TE70","0.0","0.0","0.0","10.5","115.1","1.4","0.0","25.4"
"Ben Sinnott","WAS","TE71","0.0","0.0","0.0","11.1","114.4","1.4","0.0","25.3"
"Olamide Zaccheaus","ATL","WR132","0.0","0.0","0.0","14.3","142.3","0.6","0.2","24.8"
"Zack Kuntz","DAL","TE72","0.0","0.0","0.0","12.0","128.0","1.0","0.0","24.8"
"Jack Endries","CIN","TE73","0.0","0.0","0.0","13.0","123.0","1.0","0.0","24.8"
"Kevin Coleman Jr.","MIA","WR133","0.0","0.0","0.0","12.8","161.0","0.4","0.1","24.7"
"Luke Schoonmaker","DAL","TE74","0.0","0.0","0.0","13.2","121.5","1.0","0.0","24.4"
"Konata Mumpfield","LAR","WR134","0.0","0.0","0.0","9.9","126.7","1.1","0.1","24.2"
"Will Mallory","IND","TE75","0.0","0.0","0.0","11.0","125.0","1.0","0.0","24.0"
"Jam Miller","NE","RB89","34.0","145.0","1.0","2.0","25.0","0.0","0.0","24.0"
"Skyler Bell","BUF","WR135","0.0","0.0","0.0","10.1","136.5","0.8","0.1","23.3"
"Grant Calcaterra","PHI","TE76","0.0","0.0","0.0","11.0","115.0","1.0","0.0","23.0"
"Salvon Ahmed","CHI","RB90","35.0","153.0","1.0","1.0","12.0","0.0","0.0","23.0"
"Roman Wilson","PIT","WR136","0.0","0.0","0.0","11.8","135.1","0.6","0.1","22.9"
"Teagan Quitoriano","ARI","TE77","0.0","0.0","0.0","12.0","109.0","1.0","0.0","22.9"
"Foster Moreau","HOU","TE78","0.0","0.0","0.0","9.3","105.4","1.3","0.0","22.9"
"Bauer Sharp","TB","TE79","0.0","0.0","0.0","11.0","113.0","1.0","0.0","22.8"
"Tanner Hudson","CIN","TE80","0.0","0.0","0.0","13.1","110.3","0.9","0.1","22.8"
"Jarquez Hunter","MIA","RB91","33.0","148.0","1.0","1.0","14.0","0.0","0.0","22.7"
"Brenen Thompson","LAC","WR137","2.1","11.3","0.1","9.5","121.7","0.7","0.1","22.7"
"Cam Grandy","CIN","TE81","0.0","0.0","0.0","13.0","100.0","1.0","0.0","22.5"
"Dallen Bentley","DEN","TE82","0.0","0.0","0.0","12.0","105.0","1.0","0.0","22.5"
"Israel Abanikanda","DAL","RB92","32.0","146.0","1.0","1.0","14.0","0.0","0.0","22.5"
"Tanner Conner","NYG","TE83","0.0","0.0","0.0","10.0","113.0","1.0","0.0","22.3"
"Dameon Pierce","PHI","RB93","35.0","161.0","1.0","0.0","0.0","0.0","0.0","22.1"
"Audric Estime","NO","RB94","30.0","122.0","1.0","3.0","24.0","0.0","0.0","22.1"
"Mo Alie-Cox","IND","TE84","0.0","0.0","0.0","10.7","113.9","0.9","0.1","22.1"
"Will Shipley","PHI","RB95","9.3","39.6","0.3","11.3","83.5","0.4","0.1","21.9"
"Donovan Edwards","MIA","RB96","31.0","130.0","1.0","2.0","19.0","0.0","0.0","21.9"
"Carlos Washington Jr.","MIA","RB97","31.0","130.0","1.0","2.0","19.0","0.0","0.0","21.9"
"Charlie Woerner","ATL","TE85","0.0","0.0","0.0","13.5","114.4","0.6","0.0","21.7"
"Seth McGowan","IND","RB98","22.3","96.4","1.2","3.1","27.3","0.1","0.0","21.6"
"Kendre Miller","NO","RB99","29.4","119.9","1.3","1.8","10.9","0.0","0.0","21.5"
"Isaiah Williams","NYJ","WR138","2.2","12.7","0.1","11.8","114.2","0.4","0.1","21.5"
"Thomas Fidone II","NYG","TE86","0.0","0.0","0.0","10.0","101.0","1.0","0.0","21.1"
"Jaheim Bell","PIT","TE87","0.0","0.0","0.0","10.0","98.0","1.0","0.0","20.8"
"Hunter Luepke","DAL","RB100","13.4","56.5","0.4","8.6","61.6","0.4","0.1","20.7"
"Drake Dabney","GB","TE88","0.0","0.0","0.0","10.0","95.0","1.0","0.0","20.5"
"Kaytron Allen","WAS","RB101","23.6","110.9","0.7","3.0","25.7","0.1","0.0","20.0"
"Connor Heyward","LV","TE89","4.2","17.4","0.1","9.0","65.5","1.1","0.0","20.0"
"Odell Beckham Jr.","NYG","WR139","0.0","0.0","0.0","9.2","113.2","0.6","0.1","19.4"
"Durham Smythe","BAL","TE90","0.0","0.0","0.0","9.8","94.0","0.7","0.1","18.6"
"Demond Claiborne","MIN","RB102","21.6","96.1","0.7","3.3","25.2","0.1","0.0","18.4"
"Tahj Brooks","CIN","RB103","30.3","128.4","0.9","0.0","0.0","0.0","0.1","18.2"
"Tez Johnson","TB","WR140","4.4","23.2","0.2","6.7","77.5","0.6","0.1","18.0"
"Devin Neal","NO","RB104","23.0","90.0","1.0","2.5","17.5","0.0","0.0","18.0"
"Jimmy Horn Jr.","CAR","WR141","6.2","36.7","0.2","6.7","75.6","0.4","0.1","17.8"
"Nicholas Singleton","TEN","RB105","20.3","83.7","0.6","4.3","30.2","0.2","0.1","17.6"
"Mitchell Evans","CAR","TE91","0.0","0.0","0.0","8.0","71.5","1.0","0.0","17.2"
"Joe Royer","CLE","TE92","0.0","0.0","0.0","8.8","82.0","0.7","0.0","16.6"
"Max Klare","LAR","TE93","0.0","0.0","0.0","8.0","82.6","0.7","0.0","16.3"
"Phil Mafah","DAL","RB106","16.0","71.0","1.0","2.0","17.0","0.0","0.0","15.8"
"Jalen Royals","KC","WR142","0.0","0.0","0.0","6.8","78.3","0.6","0.1","14.9"
"Brevyn Spann-Ford","DAL","TE94","0.0","0.0","0.0","7.4","71.4","0.7","0.0","14.8"
"Tanner Koziol","JAC","TE95","0.0","0.0","0.0","7.0","73.8","0.6","0.0","14.7"
"Devin Culp","TB","TE96","0.0","0.0","0.0","5.5","59.0","1.0","0.0","14.7"
"KeAndre Lambert-Smith","LAC","WR143","0.0","0.0","0.0","6.4","80.6","0.6","0.1","14.6"
"Sam Roush","CHI","TE97","0.0","0.0","0.0","6.8","72.4","0.6","0.0","14.5"
"Payne Durham","TB","TE98","0.0","0.0","0.0","7.2","70.6","0.6","0.1","14.4"
"Nick Westbrook-Ikhine","IND","WR144","0.0","0.0","0.0","6.1","76.6","0.6","0.1","14.1"
"Oscar Delp","NO","TE99","0.0","0.0","0.0","7.8","74.1","0.5","0.1","14.1"
"Michael Burton","CLE","RB107","6.6","13.9","0.6","5.1","33.4","0.6","0.0","14.0"
"Isaac Guerendo","SF","RB108","16.5","80.0","0.5","2.0","18.5","0.0","0.0","13.9"
"Mason Tipton","NO","WR145","0.0","0.0","0.0","6.8","80.5","0.3","0.1","13.3"
"Josh Whyle","GB","TE100","0.0","0.0","0.0","6.8","59.5","0.7","0.0","13.3"
"Hunter Long","JAC","TE101","0.0","0.0","0.0","5.0","45.0","1.0","0.0","13.0"
"Dont'e Thornton Jr.","LV","WR146","0.0","0.0","0.0","6.0","83.0","0.3","0.1","13.0"
"Trevor Etienne","CAR","RB109","12.3","52.4","0.3","4.1","29.3","0.1","0.1","12.7"
"Andrew Beck","NYJ","TE102","0.5","4.0","0.0","4.6","31.7","1.1","0.0","12.5"
"Alec Ingold","LAC","RB110","2.1","8.6","0.1","7.9","58.7","0.2","0.1","12.4"
"Greg Dortch","DET","WR147","4.6","24.0","0.4","4.1","39.7","0.3","0.1","12.1"
"Chris Manhertz","NYG","TE103","0.0","0.0","0.0","5.4","50.6","0.6","0.0","11.1"
"Lucas Krull","DEN","TE104","0.0","0.0","0.0","6.0","44.5","0.5","0.0","10.5"
"Bo Melton","GB","WR148","4.5","25.9","0.1","2.9","37.4","0.3","0.1","10.0"
"Barion Brown","NO","WR149","0.0","0.0","0.0","4.6","57.3","0.3","0.1","9.5"
"Tyrell Shavers","BUF","WR150","0.0","0.0","0.0","4.0","52.1","0.3","0.0","8.9"
"Derius Davis","LAC","WR151","2.1","11.0","0.1","3.5","38.1","0.3","0.1","8.6"
"Adam Prentice","DEN","RB111","4.1","17.4","0.1","4.1","29.9","0.2","0.0","8.4"
"Malachi Corley","CLE","WR152","6.4","44.0","0.2","1.7","16.8","0.1","0.1","8.3"
"Mitch Tinsley","CIN","WR153","0.0","0.0","0.0","3.3","41.8","0.4","0.0","8.1"
"Xavier Smith","LAR","WR154","0.0","0.0","0.0","3.6","44.4","0.3","0.0","8.1"
"CJ Daniels","LAR","WR155","0.0","0.0","0.0","3.4","42.8","0.3","0.0","7.9"
"Efton Chism III","NE","WR156","0.0","0.0","0.0","3.5","42.7","0.3","0.0","7.7"
"Justin Joly","DEN","TE105","0.0","0.0","0.0","4.0","37.9","0.3","0.0","7.5"
"Max Bredeson","MIN","RB112","2.0","8.5","0.1","4.5","29.4","0.2","0.0","7.4"
"Luke Farrell","SF","TE106","0.0","0.0","0.0","4.0","38.3","0.3","0.0","7.3"
"CJ Dippre","NE","TE107","0.0","0.0","0.0","3.9","37.4","0.3","0.0","7.3"
"Ko Kieft","TB","TE108","0.0","0.0","0.0","3.7","36.1","0.3","0.0","7.2"
"Tyler Conklin","DET","TE109","0.0","0.0","0.0","3.7","37.9","0.3","0.0","7.1"
"Drew Ogletree","IND","TE110","0.0","0.0","0.0","3.6","36.3","0.3","0.0","7.0"
"Josh Cuevas","BAL","TE111","0.0","0.0","0.0","3.3","35.8","0.3","0.0","6.9"
"Justin Watson","HOU","WR157","0.0","0.0","0.0","3.1","41.3","0.2","0.0","6.9"
"Jonathan Mingo","DAL","WR158","0.0","0.0","0.0","2.9","40.6","0.3","0.0","6.9"
"Tai Felton","MIN","WR159","0.0","0.0","0.0","3.7","37.1","0.2","0.0","6.9"
"Eric Saubert","SEA","TE112","0.0","0.0","0.0","3.4","34.4","0.3","0.0","6.9"
"Darius Cooper","PHI","WR160","0.0","0.0","0.0","3.3","37.7","0.3","0.0","6.8"
"Tip Reiman","ARI","TE113","0.0","0.0","0.0","3.8","34.4","0.2","0.0","6.5"
"Johnny Mundt","PHI","TE114","0.0","0.0","0.0","3.5","35.4","0.2","0.0","6.5"
"Reggie Virgil","ARI","WR161","0.0","0.0","0.0","3.4","39.3","0.1","0.0","6.4"
"Ian Thomas","LV","TE115","0.0","0.0","0.0","3.8","36.0","0.2","0.0","6.4"
"Brycen Tremayne","CAR","WR162","0.0","0.0","0.0","3.3","36.1","0.2","0.0","6.2"
"Riley Nowakowski","PIT","TE116","0.0","0.0","0.0","4.3","29.2","0.2","0.0","6.0"
"Blake Whiteheart","CLE","TE117","0.0","0.0","0.0","3.6","31.7","0.2","0.0","5.9"
"Reggie Gilliam","NE","RB113","0.0","0.0","0.0","4.1","29.8","0.2","0.0","5.9"
"Patrick Ricard","NYG","RB114","0.0","0.0","0.0","3.9","26.8","0.1","0.0","5.4"
"Kaleb Johnson","PIT","RB115","8.6","35.9","0.2","0.0","0.0","0.0","0.0","4.9"
"Arian Smith","NYJ","WR163","4.4","23.7","0.2","0.0","0.0","0.0","0.0","3.5"
"Ben Skowronek","PIT","WR164","0.0","0.0","0.0","1.8","17.0","0.1","0.0","3.0"
"British Brooks","HOU","RB116","4.2","18.0","0.1","0.0","0.0","0.0","0.0","2.4"
"Kameron Johnson","TB","WR165","2.2","12.1","0.1","0.0","0.0","0.0","0.0","1.8"
"Kaden Wetjen","PIT","WR166","2.2","11.7","0.1","0.0","0.0","0.0","0.0","1.6"
"Jalen Reagor","MIA","WR167","0.0","0.0","0.0","0.7","9.0","0.0","0.0","1.4"
"Laquon Treadwell","IND","WR168","0.0","0.0","0.0","0.0","0.0","0.0","0.0","0.0"
"David Moore","CAR","WR169","0.0","0.0","0.0","0.0","0.0","0.0","0.0","0.0"
"Braxton Berrios","NYG","WR170","0.0","0.0","0.0","0.0","0.0","0.0","0.0","0.0"
"Devin Duvernay","ARI","WR171","0.0","0.0","0.0","0.0","0.0","0.0","0.0","0.0"
"Mason Kinsey","TEN","WR172","0.0","0.0","0.0","0.0","0.0","0.0","0.0","0.0"
"Ihmir Smith-Marsette","ARI","WR173","0.0","0.0","0.0","0.0","0.0","0.0","0.0","0.0"
"Michael Bandy","DEN","WR174","0.0","0.0","0.0","0.0","0.0","0.0","0.0","0.0"
"Skyy Moore","GB","WR175","0.0","0.0","0.0","0.0","0.0","0.0","0.0","0.0"
"Britain Covey","PHI","WR176","0.0","0.0","0.0","0.0","0.0","0.0","0.0","0.0"
"Dareke Young","LV","WR177","0.0","0.0","0.0","0.0","0.0","0.0","0.0","0.0"
"Jacob Cowing","SF","WR178","0.0","0.0","0.0","0.0","0.0","0.0","0.0","0.0"
"Charlie Jones","CIN","WR179","0.0","0.0","0.0","0.0","0.0","0.0","0.0","0.0"
"Jalen Brooks","ARI","WR180","0.0","0.0","0.0","0.0","0.0","0.0","0.0","0.0"
"Nikko Remigio","KC","WR181","0.0","0.0","0.0","0.0","0.0","0.0","0.0","0.0"
"Anthony Gould","IND","WR182","0.0","0.0","0.0","0.0","0.0","0.0","0.0","0.0"
"Jeshaun Jones","MIN","WR183","0.0","0.0","0.0","0.0","0.0","0.0","0.0","0.0"
"LaJohntay Wester","BAL","WR184","0.0","0.0","0.0","0.0","0.0","0.0","0.0","0.0"
"Ke'Shawn Williams","CIN","WR185","0.0","0.0","0.0","0.0","0.0","0.0","0.0","0.0"
"Myles Price","MIN","WR186","0.0","0.0","0.0","0.0","0.0","0.0","0.0","0.0"
"Gage Larvadain","CLE","WR187","0.0","0.0","0.0","0.0","0.0","0.0","0.0","0.0"
"Josh Cameron","JAC","WR188","0.0","0.0","0.0","0.0","0.0","0.0","0.0","0.0"
"Quintin Morris","JAC","TE118","0.0","0.0","0.0","0.0","0.0","0.0","0.0","0.0"
"Jack Stoll","CLE","TE119","0.0","0.0","0.0","0.0","0.0","0.0","0.0","0.0"
"Cole Turner","MIA","TE120","0.0","0.0","0.0","0.0","0.0","0.0","0.0","0.0"
"Jelani Woods","NYJ","TE121","0.0","0.0","0.0","0.0","0.0","0.0","0.0","0.0"
"Julian Hill","NE","TE122","0.0","0.0","0.0","0.0","0.0","0.0","0.0","0.0"
"Devin Singletary","NYG","RB117","0.0","0.0","0.0","0.0","0.0","0.0","0.0","0.0"
"DeeJay Dallas","JAC","RB118","0.0","0.0","0.0","0.0","0.0","0.0","0.0","0.0"
"Kene Nwangwu","NYJ","RB119","0.0","0.0","0.0","0.0","0.0","0.0","0.0","0.0"
"Tyler Badie","DEN","RB120","0.0","0.0","0.0","0.0","0.0","0.0","0.0","0.0"
"Bam Knight","ARI","RB121","0.0","0.0","0.0","0.0","0.0","0.0","0.0","0.0"
"Trey Benson","ARI","RB122","0.0","0.0","0.0","0.0","0.0","0.0","0.0","0.0"
"Jacob Saylors","DET","RB123","0.0","0.0","0.0","0.0","0.0","0.0","0.0","0.0"
"Zavier Scott","MIN","RB124","0.0","0.0","0.0","0.0","0.0","0.0","0.0","0.0"
"Rasheen Ali","BAL","RB125","0.0","0.0","0.0","0.0","0.0","0.0","0.0","0.0"
"Dylan Laube","LV","RB126","0.0","0.0","0.0","0.0","0.0","0.0","0.0","0.0"
"Chris Collier","LV","RB127","0.0","0.0","0.0","0.0","0.0","0.0","0.0","0.0"
"Josh Williams","TB","RB128","0.0","0.0","0.0","0.0","0.0","0.0","0.0","0.0"
""
""