Rank,Player (Bye),POS,AVG,Real-Time
1,Jeremiyah Love   ARI (14),RB1,1.0,1
2,Carnell Tate   TEN (9),WR1,2.5,2
3,Jadarian Price   SEA (11),RB2,3.3,4  -1
4,Makai Lemon   PHI (10),WR2,4.8,5  -1
5,Jordyn Tyson   NO (8),WR3,5.0,3  +2
6,KC Concepcion   CLE (11),WR4,6.2,7  -1
7,Denzel Boston   CLE (11),WR5,9.3,11  -4
8,Jonah Coleman   DEN (10),RB3,10.0,10  -2
9,De'Zhaun Stribling   SF (8),WR6,10.5,18  -9
10,Omar Cooper Jr.   NYJ (13),WR7,11.8,9  +1
11,Mike Washington Jr.   LV (13),RB4,12.0,21  -10
12,Kenyon Sadiq   NYJ (13),TE1,12.3,8  +4
13,Fernando Mendoza   LV (13),QB1,12.7,6  +7
14,Emmett Johnson   KC (5),RB5,15.3,19  -5
15,Ja'Kobi Lane   BAL (13),WR8,16.3,25  -10
16,Nicholas Singleton   TEN (9),RB6,19.2,13  +3
17,Cyrus Allen   KC (5),WR9,20.5,37  -20
18,Zachariah Branch   ATL (11),WR10,20.5,22  -4
19,Germie Bernard   PIT (9),WR11,20.7,16  +3
20,Malachi Fields   NYG (8),WR12,21.7,23  -3
21,Kaelon Black   SF (8),RB7,21.8,28  -7
22,Antonio Williams   WAS (7),WR13,22.3,17  +5
23,Kaytron Allen   WAS (7),RB8,23.0,24  -1
24,Chris Bell   MIA (6),WR14,23.2,15  +9
25,Caleb Douglas   MIA (6),WR15,23.5,41  -16
26,Ted Hurst III   TB (10),WR16,23.5,26
27,Eli Stowers   PHI (10),TE2,26.0,12  +15
28,Demond Claiborne   MIN (6),RB9,27.7,32  -4
29,Elijah Sarratt   BAL (13),WR17,31.0,20  +9
30,Seth McGowan   IND (13),RB10,33.7,46  -16
31,Carson Beck   ARI (14),QB2,34.8,27  +4
32,Bryce Lance   NO (8),WR18,36.7,43  -11
33,Eli Raridon   NE (11),TE3,37.5,36  -3
34,Adam Randall   BAL (13),RB11,37.5,34
35,Ty Simpson   LAR (11),QB3,32.8,14  +21
36,Zavion Thomas   CHI (10),WR19,42.2,67  -31
37,Skyler Bell   BUF (7),WR20,37.4,30  +7
38,Malik Benson   LV (13),WR21,43.7,62  -24
39,Max Klare   LAR (11),TE4,38.2,31  +8
40,Brenen Thompson   LAC (7),WR22,40.4,38  +2
41,J'Mari Taylor   JAC (7),RB12,40.6,45  -4
42,Oscar Delp   NO (8),TE5,41.2,35  +7
43,Cade Klubnik   NYJ (13),QB4,44.4,39  +4
44,Justin Joly   DEN (10),TE6,44.6,56  -12
45,Kevin Coleman Jr.   MIA (6),WR23,45.0,40  +5
46,Colbie Young   CIN (6),WR24,46.0,
47,Barion Brown   NO (8),WR25,46.4,58  -11
48,Drew Allar   PIT (9),QB5,40.8,33  +15
49,CJ Daniels   LAR (11),WR26,51.2,61  -12
50,Eli Heidenreich   PIT (9),RB13,51.4,52  -2
51,Chris Brazzell II   CAR (5),WR27,36.3,29  +22
52,Jam Miller   NE (11),RB14,48.0,47  +5
53,Robert Henry Jr.   WAS (7),RB15,50.8,74  -21
54,Sam Roush   CHI (10),TE7,54.8,
55,Matt Hibner   BAL (13),TE8,38.5,71  -16
56,Taylen Green   CLE (11),QB6,51.3,69  -13
57,Josh Cameron   JAC (7),WR28,54.0,
58,Deion Burks   IND (13),WR29,54.3,59  -1
59,Trey Smack   GB (11),K1,47.0,60  -1
60,Marlin Klein   HOU (8),TE9,57.7,75  -15
61,Garrett Nussmeier   KC (5),QB7,52.0,42  +19
62,Haynes King   CAR (5),QB8,69.7,68  -6
63,Cole Payton   PHI (10),QB9,55.5,72  -9
64,Michael Trigg   DAL (14),TE10,56.5,44  +20
65,Tanner Koziol   JAC (7),TE11,63.3,73  -8
66,Jeff Caldwell   KC (5),WR30,58.0,
67,Jack Strand   ATL (11),QB10,43.0,57  +10
68,Riley Nowakowski   PIT (9),TE12,85.5,
69,Lewis Bond   HOU (8),WR31,65.3,
70,Kaden Wetjen   PIT (9),WR32,66.3,
71,Will Kacmarek   MIA (6),TE13,61.5,70  +1
72,Jaydn Ott   KC (5),RB16,62.0,
73,Nate Boerkircher   JAC (7),TE14,67.0,
74,Eric McAlister,WR33,55.0,
75,Dean Connors   LAR (11),RB17,74.0,64  +11
76,Reggie Virgil   ARI (14),WR34,66.5,
77,Joe Royer   CLE (11),TE15,69.0,
78,Jack Endries   CIN (6),TE16,67.5,53  +25
79,Josh Cuevas   BAL (13),TE17,63.0,
80,John Michael Gyllenborg   KC (5),TE18,65.0,
81,Seydou Traore   MIA (6),TE19,66.0,
82,Tyren Montgomery   TEN (9),WR35,67.0,
83,Roman Hemby   LV (13),RB18,73.0,65  +18
84,Diego Pavia,QB11,69.0,
85,Bauer Sharp   TB (10),TE20,101.0,
86,Kejon Owens,RB19,72.0,
87,Harrison Wallace III   ARI (14),WR36,92.0,
88,Ja'Mori Maclin   BUF (7),WR37,74.0,
89,Terion Stewart   KC (5),RB20,78.0,
90,Chase Roberts   LV (13),WR38,82.0,
91,Desmond Reid,RB21,83.0,
92,Noah Whittington   HOU (8),RB22,84.0,
93,Aaron Anderson,WR39,85.0,
94,Barika Kpeenu   TB (10),RB23,86.0,
95,Kendrick Law   DET (6),WR40,87.0,
96,Dallen Bentley   DEN (10),TE21,88.0,
97,Dae'Quan Wright,TE22,89.0,
98,Sawyer Robertson,QB12,90.0,
99,Chip Trayanum   NYJ (13),RB24,91.0,
100,CJ Donaldson   NO (8),RB25,93.0,
101,Rahsul Faison,RB26,94.0,
102,Eric Rivers Jr.   TB (10),WR41,95.0,
103,Cortez Braham Jr.   BAL (13),WR42,96.0,
104,Hank Beatty   TEN (9),WR43,97.0,
105,Luke Altmyer   DET (6),QB13,98.0,
106,Jalon Daniels   TB (10),QB14,99.0,54  +52
107,Dominic Richardson   NYJ (13),RB27,100.0,
108,Kentrel Bullock   CIN (6),RB28,101.0,
109,Jaren Kanak   TEN (9),TE23,102.0,
110,Noah Thomas   CIN (6),WR44,103.0,
111,Joe Fagnano   BAL (13),QB15,104.0,
112,Behren Morton   NE (11),QB16,106.0,
113,Dane Key   DEN (10),WR45,107.0,
114,Max Bredeson   MIN (6),RB29,108.0,
115,Byron Cardwell Jr.,RB30,109.0,
116,Jamal Haynes   CIN (6),RB31,110.0,63  +53
117,J. Michael Sturdivant   GB (11),WR46,112.0,
118,Romello Brinson,WR47,113.0,
119,Vinny Anthony II   ATL (11),WR48,114.0,
120,Chris Hilton Jr.   GB (11),WR49,115.0,
121,Donaven McCulley   MIA (6),WR50,116.0,
122,Jordan Hudson   DAL (14),WR51,117.0,
123,Emmanuel Henderson Jr.   SEA (11),WR52,118.0,
124,Caullin Lacy   NYJ (13),WR53,119.0,
125,Trebor Pena   JAC (7),WR54,120.0,
126,Dillon Bell   MIN (6),WR55,121.0,
127,Jalil Farooq,WR56,122.0,
128,Joey Aguilar   JAC (7),QB17,123.0,
129,Athan Kaliakmanis   WAS (7),QB18,124.0,66  +63
130,Miller Moss   CHI (10),QB19,125.0,48  +82
131,Lake McRee   PIT (9),TE24,127.0,
132,DJ Rogers   DAL (14),TE25,128.0,
133,Dan Villari   LAR (11),TE26,129.0,
134,Miles Kitselman,TE27,130.0,
135,RJ Maryland   GB (11),TE28,131.0,
136,Khalil Dinkins   SF (8),TE29,133.0,
137,Rohan Jones   LAR (11),TE30,134.0,