"RK",TIERS,"PLAYER NAME",TEAM,"POS","AGE","BEST","WORST","AVG.","STD.DEV","ECR VS. ADP"
"1",1,"Ja'Marr Chase",CIN,"WR1","26","1","3","1.2","0.6","+2"
"2",1,"Jaxon Smith-Njigba",SEA,"WR2","24","2","5","2.9","1.2","+3"
"3",1,"Puka Nacua",LAR,"WR3","25","2","5","3.7","0.9","+1"
"4",1,"Bijan Robinson",ATL,"RB1","24","2","5","3.8","1.3","-3"
"5",1,"Jahmyr Gibbs",DET,"RB2","24","2","6","4.3","1.4","-3"
"6",2,"Amon-Ra St. Brown",DET,"WR4","26","4","10","6.3","2.0","0"
"7",2,"Justin Jefferson",MIN,"WR5","27","6","12","8.4","2.0","+2"
"8",2,"CeeDee Lamb",DAL,"WR6","27","6","13","9.6","2.3","+3"
"9",2,"Ashton Jeanty",LV,"RB3","22","7","15","10.1","2.2","-2"
"10",3,"Malik Nabers",NYG,"WR7","23","7","19","11.4","3.3","0"
"11",3,"Drake London",ATL,"WR8","25","9","14","11.6","1.8","+8"
"12",3,"Jeremiyah Love",ARI,"RB4","21","8","18","11.9","2.9","+3"
"13",3,"James Cook III",BUF,"RB5","26","8","21","15.2","3.8","+5"
"14",3,"De'Von Achane",MIA,"RB6","24","9","24","15.6","4.2","0"
"15",3,"Brock Bowers",LV,"TE1","23","6","31","17.9","6.6","-3"
"16",3,"Tetairoa McMillan",CAR,"WR9","23","14","26","18.0","3.4","+7"
"17",3,"Nico Collins",HOU,"WR10","27","14","27","18.4","4.1","+9"
"18",3,"Jonathan Taylor",IND,"RB7","27","9","35","18.5","7.2","-5"
"19",3,"Omarion Hampton",LAC,"RB8","23","12","27","18.6","4.1","-3"
"20",4,"George Pickens",DAL,"WR11","25","14","27","20.9","4.3","+1"
"21",4,"Josh Allen",BUF,"QB1","30","19","25","21.3","2.5","-13"
"22",4,"Emeka Egbuka",TB,"WR12","23","16","34","23.9","6.0","+2"
"23",4,"Trey McBride",ARI,"TE2","26","9","33","24.6","7.7","-6"
"24",4,"Chris Olave",NO,"WR13","26","20","32","25.2","3.9","+6"
"25",4,"Drake Maye",NE,"QB2","24","19","49","28.1","6.7","-3"
"26",4,"Kenneth Walker III",KC,"RB9","25","16","50","28.6","10.2","+1"
"",4
"27",4,"Garrett Wilson",NYJ,"WR14","26","22","41","28.9","5.3","+8"
"28",5,"Carnell Tate",TEN,"WR15","21","18","54","31.4","9.9","+12"
"29",5,"Zay Flowers",BAL,"WR16","25","26","47","32.4","5.7","+18"
"30",5,"Lamar Jackson",BAL,"QB3","29","24","51","33.4","7.6","+1"
"31",5,"DeVonta Smith",PHI,"WR17","27","24","43","34.6","5.0","+18"
"32",5,"Ladd McConkey",LAC,"WR18","24","27","47","34.6","5.4","0"
"33",5,"A.J. Brown",NE,"WR19","29","20","48","35.5","8.2","+4"
"34",5,"Luther Burden III",CHI,"WR20","22","20","57","35.7","10.4","+12"
"35",5,"Colston Loveland",CHI,"TE3","22","18","47","35.9","9.9","-6"
"36",5,"Breece Hall",NYJ,"RB10","25","24","54","35.9","9.6","0"
"37",5,"Jayden Daniels",WAS,"QB4","25","28","46","35.9","5.9","+5"
"38",5,"Tee Higgins",CIN,"WR21","27","27","53","38.6","7.9","+15"
"39",5,"Chase Brown",CIN,"RB11","26","37","50","41.4","4.1","-14"
"40",5,"Tyler Warren",IND,"TE4","24","28","48","42.0","6.8","-6"
"41",5,"Joe Burrow",CIN,"QB5","29","28","51","42.1","5.7","-3"
"42",5,"Jaylen Waddle",DEN,"WR22","27","31","60","42.5","8.5","+21"
"43",6,"Makai Lemon",PHI,"WR23","22","33","76","44.0","11.1","+23"
"44",6,"Rashee Rice",KC,"WR24","26","22","82","45.1","18.2","-5"
"45",6,"Jordyn Tyson",NO,"WR25","22","30","76","47.8","16.9","+17"
"46",6,"Tucker Kraft",GB,"TE5","25","43","53","49.0","3.1","+12"
"47",6,"Justin Herbert",LAC,"QB6","28","42","65","49.1","5.8","+24"
"48",6,"Rome Odunze",CHI,"WR26","24","34","73","49.4","11.3","+2"
"49",6,"Christian McCaffrey",SF,"RB12","30","23","65","51.4","14.0","-29"
"50",6,"Caleb Williams",CHI,"QB7","24","36","96","51.4","14.3","+1"
"51",6,"Jalen Hurts",PHI,"QB8","28","36","67","52.1","7.7","+6"
"52",6,"Jameson Williams",DET,"WR27","25","37","67","53.8","8.7","+13"
"53",6,"Saquon Barkley",PHI,"RB13","29","37","64","54.6","8.8","-25"
"54",6,"Patrick Mahomes II",KC,"QB9","30","46","72","55.0","7.4","+26"
"55",6,"Quinshon Judkins",CLE,"RB14","22","40","80","55.5","10.8","-14"
"56",6,"TreVeyon Henderson",NE,"RB15","23","35","88","56.1","16.1","-23"
"57",6,"Harold Fannin Jr.",CLE,"TE6","22","48","69","56.1","5.9","-3"
"58",6,"Kyren Williams",LAR,"RB16","26","47","66","56.7","6.0","-14"
"59",7,"Trevor Lawrence",JAC,"QB10","26","51","95","58.4","10.6","+33"
"60",7,"Marvin Harrison Jr.",ARI,"WR28","24","40","75","59.2","11.6","+1"
"61",7,"Sam LaPorta",DET,"TE7","25","52","74","61.2","6.2","-6"
"62",7,"Kyle Pitts Sr.",ATL,"TE8","25","48","87","61.4","9.0","+5"
"63",7,"Christian Watson",GB,"WR29","27","40","79","62.1","11.7","+13"
"64",7,"Bucky Irving",TB,"RB17","24","45","80","63.9","10.3","-21"
"65",7,"Brian Thomas Jr.",JAC,"WR30","23","41","82","65.1","12.4","-1"
"66",7,"KC Concepcion",CLE,"WR31","21","41","105","66.3","16.4","+9"
"67",7,"Brock Purdy",SF,"QB11","26","54","114","67.1","14.4","+41"
"68",7,"Jaxson Dart",NYG,"QB12","23","56","110","68.6","16.1","+5"
"69",7,"Javonte Williams",DAL,"RB18","26","54","86","68.9","8.8","-17"
"70",7,"Travis Etienne Jr.",NO,"RB19","27","60","80","69.6","5.3","-10"
"71",7,"Terry McLaurin",WAS,"WR32","30","36","82","70.4","12.4","+6"
"72",7,"Cam Skattebo",NYG,"RB20","24","59","87","71.1","8.1","-27"
"73",7,"Jadarian Price",SEA,"RB21","22","55","90","72.7","10.9","-14"
"74",7,"Alec Pierce",IND,"WR33","26","58","90","74.4","7.4","+15"
"75",7,"Bo Nix",DEN,"QB13","26","61","96","76.1","11.5","+7"
"76",7,"DJ Moore",BUF,"WR34","29","65","92","76.4","6.7","-2"
"77",7,"Parker Washington",JAC,"WR35","24","57","106","76.4","13.8","+4"
"78",8,"Derrick Henry",BAL,"RB22","32","52","88","78.8","10.8","-30"
"79",8,"Josh Jacobs",GB,"RB23","28","58","88","78.8","9.5","-23"
"80",8,"Kenyon Sadiq",NYJ,"TE9","21","63","123","79.7","16.2","+10"
"81",8,"Bhayshul Tuten",JAC,"RB24","23","67","97","82.1","7.7","-13"
"82",8,"DK Metcalf",PIT,"WR36","28","73","93","82.8","7.4","+12"
"83",8,"Dak Prescott",DAL,"QB14","33","61","135","83.4","18.8","+23"
"84",8,"Isaiah Likely",NYG,"TE10","26","69","115","83.6","11.7","+15"
"85",8,"Jordan Addison",MIN,"WR37","24","71","95","84.3","7.4","-1"
"86",8,"Dalton Kincaid",BUF,"TE11","26","69","116","88.3","13.6","-1"
"87",8,"D'Andre Swift",CHI,"RB25","27","76","99","88.4","5.5","-18"
"88",8,"Davante Adams",LAR,"WR38","33","41","120","91.0","18.3","-10"
"89",8,"Jordan Love",GB,"QB15","27","72","116","92.3","12.1","+43"
"90",8,"Michael Wilson",ARI,"WR39","26","81","113","94.2","9.3","-11"
"",8
"91",8,"Denzel Boston",CLE,"WR40","22","71","125","94.7","18.1","+10"
"92",8,"George Kittle",SF,"TE12","32","73","127","94.7","17.3","+12"
"93",8,"Wan'Dale Robinson",TEN,"WR41","25","85","107","96.9","5.9","-5"
"94",8,"Jayden Higgins",HOU,"WR42","23","79","128","98.0","14.7","-"
"95",8,"Omar Cooper Jr.",NYJ,"WR43","22","76","134","98.4","19.9","0"
"96",8,"Mike Evans",SF,"WR44","33","80","112","98.4","8.0","-3"
"97",8,"Courtland Sutton",DEN,"WR45","30","82","112","99.6","9.2","+12"
"98",8,"Xavier Worthy",KC,"WR46","23","73","115","100.0","11.5","+15"
"99",8,"Michael Pittman Jr.",PIT,"WR47","28","84","118","100.1","10.7","+6"
"100",8,"Josh Downs",IND,"WR48","25","77","120","101.4","10.6","+14"
"101",8,"Quentin Johnston",LAC,"WR49","24","95","119","101.9","7.6","+6"
"102",9,"David Montgomery",HOU,"RB26","29","88","120","104.3","9.5","-32"
"103",9,"Jared Goff",DET,"QB16","31","84","163","105.5","19.1","+39"
"104",9,"Jaylen Warren",PIT,"RB27","27","88","132","106.4","14.3","-18"
"105",9,"Eli Stowers",PHI,"TE13","23","69","206","106.8","40.3","+18"
"106",9,"Jayden Reed",GB,"WR50","26","99","124","107.8","7.5","+12"
"107",9,"Jakobi Meyers",JAC,"WR51","29","93","128","109.0","10.1","+24"
"108",9,"Chris Godwin Jr.",TB,"WR52","30","93","131","111.6","10.7","+21"
"109",9,"Jake Ferguson",DAL,"TE14","27","81","130","111.9","13.7","-13"
"110",9,"Matthew Golden",GB,"WR53","23","95","125","112.4","8.6","-10"
"111",9,"Brenton Strange",JAC,"TE15","25","89","129","113.6","12.0","+5"
"112",9,"Kyle Monangai",CHI,"RB28","24","98","136","115.6","14.4","-29"
"113",9,"Fernando Mendoza",LV,"QB17","22","91","154","116.9","20.0","-2"
"114",9,"Blake Corum",LAR,"RB29","25","98","136","117.3","14.8","-17"
"115",9,"Baker Mayfield",TB,"QB18","31","91","162","118.3","16.5","+12"
"116",9,"Oronde Gadsden II",LAC,"TE16","23","79","184","119.7","25.4","-29"
"117",9,"Romeo Doubs",NE,"WR54","26","95","170","119.9","19.9","+8"
"118",9,"RJ Harvey",DEN,"RB30","25","97","146","119.9","15.2","-46"
"119",9,"Khalil Shakir",BUF,"WR55","26","105","135","122.4","9.4","+15"
"120",9,"Dallas Goedert",PHI,"TE17","31","81","155","123.5","20.2","+27"
"121",9,"Mark Andrews",BAL,"TE18","30","94","154","124.5","15.0","+20"
"122",9,"Jalen Coker",CAR,"WR56","24","119","131","124.7","4.0","+6"
"123",9,"Ricky Pearsall",SF,"WR57","25","99","175","126.7","27.3","-"
"124",9,"Cam Ward",TEN,"QB19","24","110","161","127.0","15.0","+33"
"125",9,"C.J. Stroud",HOU,"QB20","24","110","147","127.8","14.1","+24"
"126",9,"Tyler Shough",NO,"QB21","26","110","175","128.6","15.7","+65"
"127",9,"Zach Charbonnet",SEA,"RB31","25","86","181","128.7","24.2","-10"
"128",9,"Jonathon Brooks",CAR,"RB32","23","90","178","131.3","26.4","-25"
"129",9,"Rhamondre Stevenson",NE,"RB33","28","108","149","132.1","10.7","-27"
"130",10,"Chuba Hubbard",CAR,"RB34","27","104","163","134.4","20.3","-39"
"131",10,"Terrance Ferguson",LAR,"TE19","23","109","166","134.5","18.8","+44"
"132",10,"Rico Dowdle",PIT,"RB35","28","104","156","134.6","12.3","-34"
"133",10,"Kyler Murray",MIN,"QB22","29","109","178","134.9","15.7","+65"
"134",10,"Jonah Coleman",DEN,"RB36","23","100","204","135.4","25.2","-15"
"135",10,"Malik Willis",MIA,"QB23","27","126","147","135.6","8.4","+96"
"136",10,"De'Zhaun Stribling",SF,"WR58","23","79","259","138.6","45.7","+3"
"137",10,"Antonio Williams",WAS,"WR59","22","107","196","138.8","24.2","+26"
"138",10,"Matthew Stafford",LAR,"QB24","38","91","176","139.4","19.4","-5"
"139",10,"Sam Darnold",SEA,"QB25","29","127","160","140.7","7.2","+61"
"140",10,"Tre' Harris",LAC,"WR60","24","112","173","141.5","19.9","+32"
"141",10,"Daniel Jones",IND,"QB26","29","139","154","146.4","3.9","+101"
"142",10,"Tony Pollard",TEN,"RB37","29","113","181","147.1","20.7","-21"
"143",10,"Kenny Gainwell",TB,"RB38","27","111","168","148.1","16.2","-21"
"144",10,"Rashid Shaheed",SEA,"WR61","28","113","182","148.2","19.1","+2"
"145",10,"Chris Bell",MIA,"WR62","22","115","234","148.2","38.7","0"
"146",10,"Travis Hunter",JAC,"WR63","23","100","192","150.3","28.1","-34"
"147",10,"Jacory Croskey-Merritt",WAS,"RB39","25","132","166","152.3","8.6","-37"
"148",10,"Chig Okonkwo",WAS,"TE20","26","118","195","152.9","27.2","+18"
"149",10,"Jalen McMillan",TB,"WR64","24","125","194","153.4","20.1","+1"
"150",10,"AJ Barner",SEA,"TE21","24","114","188","154.0","22.5","-15"
"151",10,"Travis Kelce",KC,"TE22","36","121","186","154.4","16.8","-21"
"152",10,"Bryce Young",CAR,"QB27","25","142","203","154.6","15.6","+80"
"153",10,"Germie Bernard",PIT,"WR65","22","115","214","156.6","26.5","-16"
"154",10,"J.K. Dobbins",DEN,"RB40","27","133","181","156.6","14.1","-39"
"155",10,"Adonai Mitchell",NYJ,"WR66","23","126","196","159.4","21.3","+60"
"156",10,"Juwan Johnson",NO,"TE23","29","128","208","161.8","20.5","+3"
"157",10,"Stefon Diggs",WAS,"WR67","32","118","183","144.1","20.7","-9"
"158",10,"Rachaad White",WAS,"RB41","27","129","185","162.4","16.0","-18"
"159",10,"Jaylin Noel",HOU,"WR68","23","125","216","163.1","25.8","+84"
"160",10,"Jauan Jennings",MIN,"WR69","29","127","232","164.2","27.6","+17"
"161",10,"Jordan Mason",MIN,"RB42","27","146","191","164.8","12.6","-35"
"162",11,"Pat Bryant",DEN,"WR70","23","138","198","167.6","20.1","+49"
"163",11,"T.J. Hockenson",MIN,"TE24","29","144","189","168.4","15.2","-2"
"164",11,"Jerry Jeudy",CLE,"WR71","27","124","197","168.9","21.4","+42"
"165",11,"Woody Marks",HOU,"RB43","25","135","197","169.0","17.6","-41"
"166",11,"Tyrone Tracy Jr.",NYG,"RB44","26","140","193","169.4","14.9","-23"
"167",11,"Tyler Allgeier",ARI,"RB45","26","132","200","171.1","17.9","-47"
"168",11,"Ja'Kobi Lane",BAL,"WR72","22","128","255","171.6","39.3","-17"
"169",11,"Emmett Johnson",KC,"RB46","22","140","202","173.2","19.3","-25"
"170",11,"Deebo Samuel Sr.",SF,"WR73","30","134","237","175.4","32.5","-15"
"171",11,"Hunter Henry",NE,"TE25","31","124","231","175.9","30.0","+3"
"172",11,"Troy Franklin",DEN,"WR74","23","148","212","176.0","21.3","+36"
"173",11,"Michael Penix Jr.",ATL,"QB28","26","154","215","176.4","19.3","+107"
"174",11,"Nicholas Singleton",TEN,"RB47","22","146","226","179.6","24.6","-38"
"175",11,"Chris Rodriguez Jr.",JAC,"RB48","26","129","202","180.9","20.1","-13"
"176",11,"Kayshon Boutte",HOU,"WR75","24","138","248","181.0","25.2","+2"
"177",11,"Isaac TeSlaa",DET,"WR76","24","122","237","183.2","29.7","-6"
"178",11,"Dylan Sampson",CLE,"RB49","21","162","216","183.4","19.1","-20"
"179",11,"Ted Hurst III",TB,"WR77","22","107","260","168.5","40.1","+25"
"180",11,"Dalton Schultz",HOU,"TE26","30","144","255","186.1","30.7","+33"
"181",11,"Keaton Mitchell",LAC,"RB50","24","136","216","186.5","20.6","-12"
"182",11,"Gunnar Helm",TEN,"TE27","23","153","219","187.6","18.8","-3"
"183",11,"Mike Washington Jr.",LV,"RB51","23","156","230","187.9","22.7","-18"
"184",11,"Ty Simpson",LAR,"QB29","23","142","177","156.2","9.7","+19"
"185",11,"Aaron Jones Sr.",MIN,"RB52","31","156","216","191.1","20.4","-32"
"186",11,"Elijah Sarratt",BAL,"WR78","23","133","238","177.5","32.0","-32"
"187",11,"Malachi Fields",NYG,"WR79","23","145","278","195.0","37.4","-19"
"188",11,"Tyjae Spears",TEN,"RB53","25","172","233","195.3","17.2","-32"
"189",11,"Zachariah Branch",ATL,"WR80","22","138","276","197.1","33.3","-51"
"190",11,"Dontayvion Wicks",PHI,"WR81","25","157","282","199.1","32.7","+74"
"191",11,"Tank Bigsby",PHI,"RB54","24","178","233","201.4","17.8","-31"
"192",11,"Max Klare",LAR,"TE28","23","157","289","202.1","33.6","+52"
"193",11,"Elic Ayomanor",TEN,"WR82","23","161","246","202.1","27.9","+55"
"194",11,"Braelon Allen",NYJ,"RB55","22","181","220","202.5","13.7","-42"
"195",11,"Kaytron Allen",WAS,"RB56","23","146","245","203.3","22.9","+6"
"196",11,"Shedeur Sanders",CLE,"QB30","24","174","222","204.1","12.2","+74"
"197",11,"Cade Otton",TB,"TE29","27","171","255","207.1","21.6","+50"
"198",12,"David Njoku",LAC,"TE30","30","184","264","212.1","22.6","+20"
"199",12,"Chris Brazzell II",CAR,"WR83","22","151","312","199.2","45.1","+40"
"200",12,"Isiah Pacheco",DET,"RB57","27","178","262","213.8","23.0","-33"
"201",12,"Tory Horton",SEA,"WR84","23","153","280","214.9","34.0","+44"
"202",12,"Kyle Williams",NE,"WR85","23","173","252","215.9","24.4","+83"
"203",12,"Jack Bech",LV,"WR86","23","183","260","216.6","23.3","+74"
"204",12,"Alvin Kamara",NO,"RB58","31","178","288","216.6","32.3","-31"
"205",12,"Calvin Ridley",TEN,"WR87","31","151","257","202.7","31.9","+70"
"206",12,"Chimere Dike",TEN,"WR88","24","179","249","216.9","20.4","+14"
"207",12,"Jalen Nailor",LV,"WR89","27","152","283","203.1","36.5","-5"
"208",12,"Tua Tagovailoa",ATL,"QB31","28","204","268","217.4","19.6","-"
"209",12,"Tre Tucker",LV,"WR90","25","152","278","217.4","39.9","+26"
"210",12,"Brian Robinson Jr.",ATL,"RB59","27","184","298","218.6","29.4","-5"
"211",12,"Mason Taylor",NYJ,"TE31","22","186","243","206.0","16.1","-35"
"212",12,"Pat Freiermuth",PIT,"TE32","27","182","264","210.9","24.7","+38"
"213",12,"Skyler Bell",BUF,"WR91","24","137","254","196.5","35.8","+1"
"214",12,"Oscar Delp",NO,"TE33","23","123","293","196.9","47.3","+60"
"215",12,"Darnell Mooney",NYG,"WR92","28","175","236","213.0","19.4","+71"
"216",12,"Kimani Vidal",LAC,"RB60","25","202","290","227.9","21.4","-7"
"217",12,"Ryan Flournoy",DAL,"WR93","26","169","280","217.4","38.2","+21"
"218",12,"Keon Coleman",BUF,"WR94","23","179","344","234.3","38.2","-6"
"219",12,"Rashod Bateman",BAL,"WR95","26","175","241","222.9","18.2","+50"
"220",12,"Eli Raridon",NE,"TE34","22","129","303","191.4","44.6","+39"
"221",12,"Greg Dulcich",MIA,"TE35","26","153","260","192.2","27.0","-"
"222",12,"Demond Claiborne",MIN,"RB61","22","174","338","237.7","47.0","+8"
"223",12,"Tank Dell",HOU,"WR96","26","184","307","227.6","36.3","-53"
"224",12,"Aaron Rodgers",PIT,"QB32","42","167","270","228.1","33.9","-"
"225",12,"Cyrus Allen",KC,"WR97","23","148","280","214.3","37.6","-30"
"226",12,"MarShawn Lloyd",GB,"RB62","25","165","322","230.5","54.6","0"
"227",12,"Geno Smith",NYJ,"QB33","35","179","298","232.0","29.3","-"
"228",12,"Ollie Gordon II",MIA,"RB63","22","222","297","244.2","24.3","+9"
"229",12,"Malik Washington",MIA,"WR98","25","175","281","232.5","33.2","-22"
"230",12,"Marvin Mims Jr.",DEN,"WR99","24","194","350","244.9","34.6","-"
"231",12,"Jaylen Wright",MIA,"RB64","23","216","319","249.1","28.1","+9"
"232",12,"Christian Kirk",SF,"WR100","29","211","343","242.0","33.1","-"
"233",12,"Ray Davis",BUF,"RB65","26","204","312","253.6","27.8","+8"
"234",12,"James Conner",ARI,"RB66","31","196","363","254.8","43.9","-18"
"235",12,"Tyreek Hill",FA,"WR101","32","209","257","231.0","17.2","-16"
"236",12,"Denver Broncos",DEN,"DST1","-","225","248","232.4","6.1","-51"
"237",12,"J.J. McCarthy",MIN,"QB34","23","166","256","218.9","25.9","-"
"238",12,"Elijah Arroyo",SEA,"TE36","23","188","230","202.1","13.7","+44"
"239",12,"Theo Johnson",NYG,"TE37","25","195","305","235.6","37.8","+13"
"240",12,"Kaleb Johnson",PIT,"RB67","23","197","327","259.3","40.7","-30"
"241",12,"Keenan Allen",IND,"WR102","34","174","370","249.3","44.0","+14"
"242",12,"Bryce Lance",NO,"WR103","24","139","268","205.5","41.9","-"
"243",12,"Caleb Douglas",MIA,"WR104","22","136","270","205.6","37.2","-19"
"244",12,"Sean Tucker",TB,"RB68","24","207","310","261.7","33.5","+2"
"245",13,"Michael Mayer",LV,"TE38","25","191","269","225.4","21.6","+43"
"246",13,"Jacoby Brissett",ARI,"QB35","33","150","314","225.6","40.8","-"
"247",13,"Philadelphia Eagles",PHI,"DST2","-","228","252","241.4","7.9","-60"
"248",13,"Houston Texans",HOU,"DST3","-","228","310","241.5","21.4","-65"
"249",13,"Kaelon Black",SF,"RB69","24","191","325","243.7","47.3","-50"
"250",13,"Emanuel Wilson",SEA,"RB70","27","191","318","266.5","41.5","+1"
"251",13,"Cooper Kupp",SEA,"WR105","33","201","372","260.5","39.4","+12"
"252",13,"Xavier Legette",CAR,"WR106","25","209","315","261.4","27.1","+24"
"253",13,"Brandon Aiyuk",SF,"WR107","28","170","357","236.3","50.4","-36"
"254",13,"Los Angeles Rams",LAR,"DST4","-","234","301","250.8","17.5","-73"
"255",13,"Justin Joly",DEN,"TE39","22","164","321","238.4","48.7","-"
"256",13,"Devin Neal",NO,"RB71","23","219","357","273.5","45.2","+28"
"257",13,"Brandon Aubrey",DAL,"K1","31","206","249","243.0","12.1","-77"
"258",13,"Mac Jones",SF,"QB36","27","166","269","211.3","37.9","-"
"259",13,"Cam Little",JAC,"K2","23","243","253","249.0","3.3","-73"
"260",13,"Trey Benson",ARI,"RB72","24","198","333","284.0","42.6","-96"
"261",13,"Seattle Seahawks",SEA,"DST5","-","231","305","254.0","24.5","-79"
"262",13,"Isaiah Davis",NYJ,"RB73","24","226","343","287.1","30.9","-"
"263",13,"Cameron Dicker",LAC,"K3","26","245","282","256.2","12.4","-79"
"264",13,"Devaughn Vele",NO,"WR108","28","248","361","268.6","29.9","-"
"265",13,"Adam Randall",BAL,"RB74","22","200","344","268.7","48.4","-29"
"266",13,"Pittsburgh Steelers",PIT,"DST6","-","244","318","269.8","22.0","-74"
"267",13,"Jaydon Blue",DAL,"RB75","22","243","336","288.7","27.1","-34"
"268",13,"Minnesota Vikings",MIN,"DST7","-","239","302","271.0","19.1","-71"
"269",13,"Deshaun Watson",CLE,"QB37","30","204","283","251.7","21.6","-"
"270",13,"Hollywood Brown",PHI,"WR109","29","229","399","277.2","50.2","-"
"271",13,"Evan Engram",DEN,"TE40","32","199","319","270.4","45.7","-"
"272",13,"Jordan James",SF,"RB76","22","218","359","290.6","34.3","0"
"273",13,"Ka'imi Fairbairn",HOU,"K4","32","247","309","271.4","21.4","-85"
"274",13,"Kirk Cousins",LV,"QB38","38","222","325","259.6","25.7","-"
"275",13,"Tez Johnson",TB,"WR110","24","227","315","261.9","26.3","-"
"276",13,"Carson Beck",ARI,"QB39","23","215","263","249.0","14.4","-42"
"277",13,"Kansas City Chiefs",KC,"DST8","-","233","330","287.1","28.8","-"
"278",13,"Will Reichard",MIN,"K5","25","242","302","266.4","20.9","-55"
"279",13,"Brashard Smith",KC,"RB77","23","225","365","305.4","39.0","-"
"280",13,"Green Bay Packers",GB,"DST9","-","255","336","289.9","26.7","-24"
"281",13,"Chris Boswell",PIT,"K6","35","252","318","280.9","18.5","-60"
"282",13,"DJ Giddens",IND,"RB78","23","219","369","301.2","42.5","-4"
"283",13,"DeMario Douglas",NE,"WR111","25","214","372","271.7","41.5","-"
"284",13,"Isaiah Bond",CLE,"WR112","22","226","380","293.7","56.1","-5"
"285",13,"Cedric Tillman",FA,"WR113","26","201","320","273.3","33.1","-"
"286",13,"Brenen Thompson",LAC,"WR114","23","224","292","242.3","21.1","-37"
"287",13,"Baltimore Ravens",BAL,"DST10","-","275","355","297.6","24.3","-91"
"288",13,"Wil Lutz",DEN,"K7","32","270","339","289.8","18.9","-"
"289",14,"Kevin Coleman Jr.",MIA,"WR115","22","176","295","226.7","40.9","-6"
"290",14,"Chase McLaughlin",TB,"K8","30","263","314","290.2","15.6","-23"
"291",14,"Jason Myers",SEA,"K9","35","246","313","279.4","20.8","-102"
"292",14,"Anthony Richardson Sr.",IND,"QB40","24","167","258","227.4","31.1","-"
"293",14,"Evan McPherson",CIN,"K10","27","260","321","291.4","20.3","-99"
"294",14,"Jacksonville Jaguars",JAC,"DST11","-","253","330","291.6","26.1","-65"
"295",14,"Detroit Lions",DET,"DST12","-","239","347","283.4","35.4","-70"
"296",14,"Harrison Butker",KC,"K11","31","244","353","283.4","31.6","-74"
"297",14,"New England Patriots",NE,"DST13","-","266","317","288.4","15.5","-107"
"298",14,"Jake Bates",DET,"K12","27","267","342","298.6","24.5","-105"
"299",14,"Jarquez Hunter",MIA,"RB79","23","220","368","298.8","45.9","-"
"300",14,"Drew Allar",PIT,"QB41","22","205","324","267.4","34.1","-42"
"301",14,"Seth McGowan",IND,"RB80","24","222","386","296.3","48.0","-36"
"302",14,"Chris Brooks",GB,"RB81","26","263","342","298.2","22.1","-"
"303",14,"Los Angeles Chargers",LAC,"DST14","-","269","332","298.2","20.0","-43"
"304",14,"Tahj Brooks",CIN,"RB82","24","274","385","321.9","34.6","-"
"305",14,"Darius Slayton",NYG,"WR116","29","240","377","287.1","43.9","-"
"306",14,"Tyler Loop",BAL,"K13","25","260","326","288.3","23.1","-49"
"307",14,"Kendre Miller",NO,"RB83","24","276","364","318.3","35.9","-"
"308",14,"Najee Harris",NYG,"RB84","28","281","362","311.8","27.1","-"
"309",14,"Colby Parkinson",LAR,"TE41","27","189","311","261.9","42.0","-"
"310",14,"Jalen Royals",KC,"WR117","23","236","350","281.3","33.2","-"
"311",14,"Andrei Iosivas",CIN,"WR118","26","252","320","285.3","21.5","-"
"312",14,"Darnell Washington",PIT,"TE42","25","221","324","269.9","37.7","-"
"313",14,"LeQuint Allen Jr.",JAC,"RB85","22","263","363","317.6","33.5","-"
"314",14,"Ben Sinnott",WAS,"TE43","24","206","355","286.5","41.1","-"
"315",14,"Buffalo Bills",BUF,"DST15","-","274","347","301.6","20.7","-19"
"316",14,"Cleveland Browns",CLE,"DST16","-","276","347","312.0","19.7","-"
"317",14,"Cole Kmet",CHI,"TE44","27","231","294","256.0","21.5","-"
"318",14,"Jerome Ford",WAS,"RB86","26","247","325","293.5","21.5","-"
"319",14,"Mike Gesicki",CIN,"TE45","30","218","322","294.3","34.0","-"
"320",14,"Jalen Milroe",SEA,"QB42","23","247","271","259.2","7.2","-"
"321",14,"Jake Tonges",SF,"TE46","27","257","354","296.9","34.3","-68"
"322",14,"Eli Heidenreich",PIT,"RB87","23","214","329","298.9","35.2","-"
"323",14,"Justin Fields",KC,"QB43","27","247","296","266.5","15.7","-"
"324",14,"Cade Klubnik",NYJ,"QB44","22","258","300","268.0","14.7","-"
"325",14,"Isaac Guerendo",SF,"RB88","26","275","397","330.6","38.3","-"
"326",14,"Matt Hibner",BAL,"TE47","24","188","335","273.5","54.5","-"
"327",14,"Ja'Tavion Sanders",CAR,"TE48","23","261","344","308.0","29.7","-"
"328",14,"George Holani",SEA,"RB89","26","237","388","309.8","44.7","-"
"329",14,"Tyquan Thornton",KC,"WR119","26","235","340","280.7","31.9","-"
"330",14,"Trevor Etienne",CAR,"RB90","22","268","393","329.2","44.5","-"
"331",14,"Jake Moody",FA,"K14","26","259","308","281.5","14.6","-"
"332",14,"Cole Payton",PHI,"QB45","23","242","322","261.6","30.6","-"
"333",14,"Joshua Palmer",BUF,"WR120","26","243","378","284.8","45.1","-"
"334",14,"Jake Elliott",PHI,"K15","31","290","353","315.0","22.5","-"
"335",14,"Jalen Tolbert",MIA,"WR121","27","212","384","289.2","63.2","-"
"336",14,"Luke McCaffrey",WAS,"WR122","25","258","375","305.4","42.0","-"
"337",14,"Malik Davis",DAL,"RB91","27","221","298","267.8","25.8","-"
"338",14,"Quinn Ewers",MIA,"QB46","23","268","331","290.8","21.2","-"
"339",14,"Andy Borregales",NE,"K16","23","270","332","294.3","24.4","-46"
"340",14,"Marcus Mariota",WAS,"QB47","32","267","291","273.2","8.9","-"
"341",14,"Taylen Green",CLE,"QB48","23","265","301","274.4","13.4","-"
"342",14,"Will Shipley",PHI,"RB92","24","274","388","323.8","42.2","-"
"343",15,"Tanner Koziol",JAC,"TE49","22","203","358","298.7","48.9","-"
"344",15,"Justice Hill",BAL,"RB93","28","268","386","324.3","40.1","-50"
"345",15,"Sam Roush",CHI,"TE50","22","218","320","279.6","36.9","-"
"346",15,"Will Howard",PIT,"QB49","24","267","323","301.0","18.9","-"
"347",15,"Jameis Winston",NYG,"QB50","32","267","312","282.0","16.9","-"
"348",15,"Joshua Karty",FA,"K17","24","258","332","287.6","24.5","-"
"349",15,"Erick All Jr.",CIN,"TE51","25","263","344","307.8","28.8","-"
"350",15,"San Francisco 49ers",SF,"DST17","-","291","355","311.7","23.5","-122"
"351",15,"Devin Singletary",NYG,"RB94","29","278","308","296.4","10.3","-"
"352",15,"Eddy Pineiro",SF,"K18","30","281","326","300.0","15.7","-55"
"353",15,"Blake Grupe",IND,"K19","27","271","324","300.4","20.1","-"
"354",15,"Harrison Mevis",LAR,"K20","24","266","339","303.2","26.3","-127"
"355",15,"Chicago Bears",CHI,"DST18","-","200","341","279.0","52.1","-60"
"356",15,"Joe Milton III",DAL,"QB51","26","241","297","279.8","22.5","-"
"357",15,"Spencer Rattler",NO,"QB52","25","276","291","281.3","6.1","-"
"358",15,"Calvin Austin III",NYG,"WR123","27","263","375","321.5","42.3","-"
"359",15,"Riley Leonard",IND,"QB53","23","282","351","306.0","25.6","-"
"360",15,"Tyson Bagent",CHI,"QB54","26","213","387","306.6","61.0","-"
"361",15,"Charlie Kolar",LAC,"TE52","27","239","388","322.5","48.4","-"
"362",15,"New Orleans Saints",NO,"DST19","-","212","355","292.3","53.4","-"
"363",15,"Joe Flacco",CIN,"QB55","41","277","360","314.2","32.2","-"
"364",15,"Washington Commanders",WAS,"DST20","-","290","345","315.0","17.6","-98"
"365",15,"Malik Benson",LV,"WR124","23","229","369","298.0","62.1","-73"
"366",15,"Cairo Santos",CHI,"K21","34","258","342","299.5","30.5","-"
"367",15,"Tyler Bass",BUF,"K22","29","283","327","299.8","18.3","-105"
"368",15,"Konata Mumpfield",LAR,"WR125","23","214","361","301.0","54.2","-"
"369",15,"Audric Estime",NO,"RB95","22","282","373","321.2","31.6","-"
"370",15,"Jaylin Lane",WAS,"WR126","24","274","351","321.4","34.8","-"
"371",15,"Tyler Higbee",LAR,"TE53","33","223","380","321.8","54.5","-"
"372",15,"John Metchie III",CAR,"WR127","26","267","390","335.3","42.8","-"
"373",15,"Deion Burks",IND,"WR128","23","195","378","304.0","70.0","-"
"374",15,"Savion Williams",GB,"WR129","24","313","331","323.6","7.9","-"
"375",15,"J'Mari Taylor",JAC,"RB96","24","301","364","324.2","22.8","-107"
"376",15,"Garrett Nussmeier",KC,"QB56","24","303","334","325.0","11.7","-"
"377",15,"Jahan Dotson",ATL,"WR130","26","248","354","307.0","42.8","-"
"378",15,"Mack Hollins",NE,"WR131","32","239","377","326.2","46.6","-"
"379",15,"Marlin Klein",HOU,"TE54","23","272","337","310.3","27.2","-"
"380",15,"Noah Fant",NO,"TE55","28","256","371","329.8","39.2","-"
"381",15,"Ty Johnson",BUF,"RB97","28","272","393","341.7","42.1","-"
"382",15,"Michael Trigg",DAL,"TE56","24","207","389","332.4","66.0","-95"
"383",15,"CJ Daniels",LAR,"WR132","24","291","383","333.0","32.6","-102"
"384",15,"Mitchell Evans",CAR,"TE57","23","215","391","333.2","62.1","-"
"385",15,"Zavion Thomas",CHI,"WR133","22","242","400","337.8","51.9","-"
"386",15,"Dawson Knox",BUF,"TE58","29","308","351","339.0","15.9","-"
"387",15,"Jordan Whittington",LAR,"WR134","25","265","398","349.8","43.9","-"
"388",15,"Brandon McManus",FA,"K23","35","289","311","300.7","9.0","-"
"389",15,"Xavier Hutchinson",HOU,"WR135","26","208","294","251.0","43.0","-"
"390",15,"Barion Brown",NO,"WR136","22","277","389","351.8","36.1","-"
"391",15,"Daniel Carlson",NO,"K24","31","218","293","255.5","37.5","-"
"392",15,"Dont'e Thornton Jr.",LV,"WR137","23","325","377","353.0","19.1","-"
"393",15,"Jason Sanders",NYJ,"K25","30","222","353","305.7","59.3","-"
"394",15,"Tai Felton",MIN,"WR138","23","245","395","345.0","53.1","-"
"395",15,"Emari Demercado",KC,"RB98","27","302","398","355.3","38.2","-"
"396",15,"Samaje Perine",CIN,"RB99","30","295","398","334.5","42.4","-"
"397",15,"Trey Lance",LAC,"QB57","26","316","378","336.0","25.3","-"
"398",15,"Kendrick Bourne",ARI,"WR139","31","265","278","271.5","6.5","-"
"399",15,"Luke Musgrave",GB,"TE59","26","338","361","349.4","8.7","-"
"400",15,"Roman Hemby",LV,"RB100","24","303","392","341.0","38.7","-"
"401",15,"Jack Endries",CIN,"TE60","22","325","376","353.4","16.8","-"
"402",15,"Noah Gray",KC,"TE61","27","326","374","355.0","18.0","-"
"403",16,"Roschon Johnson",CHI,"RB101","25","303","366","328.7","27.0","-"
"404",16,"Tanner McKee",PHI,"QB58","26","315","397","348.0","32.7","-"
"405",16,"Joe Royer",CLE,"TE62","24","346","366","359.0","7.5","-"
"406",16,"Dillon Gabriel",CLE,"QB59","25","269","387","349.8","47.9","-"
"407",16,"Kareem Hunt",FA,"RB102","31","306","362","333.7","22.9","-"
"408",16,"Haynes King",CAR,"QB60","25","266","338","302.0","36.0","-"
"409",16,"Treylon Burks",WAS,"WR140","26","262","382","337.3","53.6","-"
"410",16,"Tutu Atwell",LAR,"WR141","26","302","390","353.5","33.1","-"
"411",16,"Darren Waller",CAR,"TE63","33","294","364","338.0","31.3","-"
"412",16,"Dyami Brown",WAS,"WR142","26","243","399","339.3","68.8","-"
"413",16,"Zach Ertz",FA,"TE64","35","310","376","339.3","27.4","-"
"414",16,"Tyren Montgomery",TEN,"WR143","25","317","395","364.2","26.1","-"
"415",16,"Arizona Cardinals",ARI,"DST21","-","303","316","309.5","6.5","-"
"416",16,"Trey Smack",GB,"K26","23","310","332","321.0","11.0","-162"
"417",16,"Jaleel McLaughlin",DEN,"RB103","25","320","336","328.0","8.0","-"
"418",16,"Will Levis",TEN,"QB61","27","338","367","352.3","11.8","-"
"419",16,"Nate Boerkircher",JAC,"TE65","24","360","374","365.0","5.7","-"
"420",16,"Reggie Virgil",ARI,"WR144","22","291","369","330.0","39.0","-"
"421",16,"KaVontae Turpin",DAL,"WR145","30","292","370","331.0","39.0","-"
"422",16,"Aidan O'Connell",LV,"QB62","28","340","397","368.0","20.2","-"
"423",16,"KeAndre Lambert-Smith",LAC,"WR146","24","352","400","374.6","15.5","-"
"424",16,"Kendrick Law",DET,"WR147","23","293","379","336.0","43.0","-"
"425",16,"DeAndre Hopkins",BAL,"WR148","34","321","381","357.7","26.3","-"
"426",16,"Seydou Traore",MIA,"TE66","24","317","360","338.5","21.5","-"
"427",16,"Devontez Walker",BAL,"WR149","25","299","383","341.0","42.0","-"
"428",16,"Elijah Higgins",ARI,"TE67","25","352","394","371.0","17.2","-"
"429",16,"Joey Aguilar",JAC,"QB63","25","316","367","341.5","25.5","-"
"430",16,"Gardner Minshew II",ARI,"QB64","30","340","385","363.7","18.4","-"
"431",16,"Will Kacmarek",MIA,"TE68","23","300","391","345.5","45.5","-"
"432",16,"Robert Henry Jr.",WAS,"RB104","24","331","391","364.7","25.0","-"
"433",16,"Josh Cameron",JAC,"WR150","23","304","396","365.0","43.1","-"
"434",16,"Kenny Pickett",CAR,"QB65","28","358","385","367.0","12.7","-"
"435",16,"Davis Mills",HOU,"QB66","27","316","386","351.0","35.0","-"
"436",16,"Colbie Young",CIN,"WR151","24","313","399","356.0","43.0","-"
"437",16,"Jeff Caldwell",KC,"WR152","23","357","396","380.5","15.8","-"
"438",16,"Kaden Wetjen",PIT,"WR153","24","348","373","360.5","12.5","-"
"439",16,"Dallen Bentley",DEN,"TE69","25","362","393","377.0","12.7","-"
"440",16,"Austin Hooper",ATL,"TE70","31","366","369","367.5","1.5","-"
"441",16,"Riley Nowakowski",PIT,"TE71","24","356","394","375.0","19.0","-"