"Rank","Player","TGT","TGT %","REC","YDS","Y/R","20+","TD","ATT","YDS","TD","FL","G","FPTS","FPTS/G","ROST"
"1","Puka Nacua (LAR)","166","28.6","129","1715","13.3","27","10","10","105","1","1","16","246.0","15.4","99.7%"
"2","Jaxon Smith-Njigba (SEA)","163","36","119","1793","15.1","27","10","7","36","0","1","17","240.9","14.2","99.7%"
"3","Amon-Ra St. Brown (DET)","172","31.4","117","1401","12.0","19","11","3","9","0","0","17","207.0","12.2","99.8%"
"4","George Pickens (DAL)","137","22.7","93","1429","15.4","22","9","0","0","0","0","17","198.9","11.7","99.3%"
"5","Ja'Marr Chase (CIN)","185","30.2","125","1412","11.3","15","8","3","14","0","1","16","188.6","11.8","99.8%"
"6","Chris Olave (NO)","156","27.7","100","1163","11.6","11","9","1","-3","0","0","16","169.0","10.6","98.2%"
"7","Davante Adams (LAR)","114","19.6","60","789","13.2","14","14","0","0","0","0","14","162.9","11.6","96.2%"
"8","Zay Flowers (BAL)","118","28.9","86","1211","14.1","19","5","10","62","1","3","17","157.3","9.3","98.4%"
"9","Nico Collins (HOU)","120","21.5","71","1117","15.7","18","6","2","15","1","1","15","155.2","10.3","99.6%"
"10","Jameson Williams (DET)","102","18.5","65","1117","17.2","23","7","6","12","0","0","17","154.9","9.1","93.6%"
"11","Tee Higgins (CIN)","98","16.1","59","846","14.3","14","11","0","0","0","0","15","152.6","10.2","97.1%"
"12","Courtland Sutton (DEN)","124","21.1","74","1017","13.7","17","7","0","0","0","0","17","145.7","8.6","88.5%"
"13","Michael Wilson (ARI)","126","20.1","78","1006","12.9","14","7","0","0","0","0","17","142.6","8.4","85.4%"
"14","A.J. Brown (PHI)","121","26","78","1003","12.9","14","7","0","0","0","0","15","142.3","9.5","99.3%"
"15","Tetairoa McMillan (CAR)","122","25.6","70","1014","14.5","17","7","0","0","0","1","17","141.4","8.3","98.1%"
"16","Alec Pierce (IND)","84","15.8","47","1003","21.3","17","6","0","0","0","0","15","136.3","9.1","83.6%"
"17","Drake London (ATL)","112","21.4","68","919","13.5","13","7","0","0","0","1","12","133.9","11.2","99.1%"
"18","Emeka Egbuka (TB)","127","23.7","63","938","14.9","20","6","2","9","0","0","17","132.7","7.8","97.6%"
"19","Jaylen Waddle (MIA)","100","21.8","64","910","14.2","14","6","2","28","0","0","16","130.1","8.1","97.0%"
"20","DK Metcalf (PIT)","99","19","59","850","14.4","15","6","2","12","1","0","15","128.2","8.5","90.1%"
"21","Parker Washington (JAC)","95","17.1","58","847","14.6","17","5","7","0","0","0","16","126.7","7.9","87.1%"
"22","CeeDee Lamb (DAL)","117","19.2","75","1077","14.4","16","3","1","2","0","0","14","125.9","9.0","99.5%"
"22","Wan'Dale Robinson (NYG)","140","28","92","1014","11.0","14","4","3","5","0","0","16","125.9","7.9","72.7%"
"24","Stefon Diggs (NE)","102","21.1","85","1013","11.9","17","4","0","0","0","0","17","125.3","7.4","78.8%"
"25","DeVonta Smith (PHI)","113","24.3","77","1008","13.1","14","4","0","0","0","0","17","124.8","7.3","98.9%"
"26","Michael Pittman Jr. (IND)","111","21","80","784","9.8","5","7","0","0","0","0","17","122.4","7.2","82.5%"
"27","DJ Moore (CHI)","85","15.8","50","682","13.6","12","6","15","79","1","1","17","120.2","7.1","94.7%"
"27","Quentin Johnston (LAC)","85","15.9","51","735","14.4","13","8","2","7","0","1","14","120.2","8.6","75.7%"
"29","Jauan Jennings (SF)","90","16.3","55","643","11.7","9","9","0","0","0","1","15","118.3","7.9","25.1%"
"30","Justin Jefferson (MIN)","141","30.4","84","1048","12.5","12","2","2","7","0","0","17","117.5","6.9","99.4%"
"31","Deebo Samuel Sr. (WAS)","99","23.2","72","727","10.1","10","5","17","75","1","0","16","116.2","7.3","60.3%"
"32","Ladd McConkey (LAC)","106","19.7","66","789","12.0","8","6","0","0","0","0","16","114.9","7.2","97.4%"
"33","Troy Franklin (DEN)","104","17.9","65","709","10.9","9","6","5","12","0","1","17","112.1","6.6","4.9%"
"34","Romeo Doubs (GB)","85","18.6","55","724","13.2","12","6","0","0","0","0","16","110.4","6.9","58.9%"
"35","Tre Tucker (LV)","92","18.4","57","696","12.2","9","5","11","51","0","0","17","104.7","6.2","21.5%"
"36","Rome Odunze (CHI)","90","16.9","44","661","15.0","13","6","0","0","0","0","12","102.1","8.5","93.6%"
"37","Keenan Allen (LAC)","122","22.6","81","777","9.6","6","4","0","0","0","0","17","101.7","6.0","23.9%"
"38","Jakobi Meyers (JAC)","110","20.9","75","835","11.1","10","3","5","13","0","1","16","100.8","6.3","72.3%"
"39","Rashid Shaheed (SEA)","92","17.4","59","687","11.6","6","2","9","69","0","1","18","97.6","5.4","47.2%"
"40","Christian Watson (GB)","55","12.1","35","611","17.5","11","6","1","3","0","0","10","97.4","9.7","89.7%"
"41","Rashee Rice (KC)","78","14.2","53","571","10.8","9","5","5","20","1","0","8","97.1","12.1","99.0%"
"42","Khalil Shakir (BUF)","95","19.7","72","719","10.0","8","4","1","5","0","1","16","94.4","5.9","60.1%"
"43","Jordan Addison (MIN)","79","16.9","42","610","14.5","11","3","2","81","1","0","14","93.1","6.6","80.1%"
"44","Kayshon Boutte (NE)","46","9.3","33","551","16.7","10","6","0","0","0","0","14","91.1","6.5","16.8%"
"45","Brian Thomas Jr. (JAC)","91","16.6","48","707","14.7","11","2","3","21","1","0","14","90.8","6.5","88.1%"
"46","Hollywood Brown (KC)","74","13.4","49","587","12.0","7","5","0","0","0","0","16","88.7","5.5","2.9%"
"47","Jayden Higgins (HOU)","68","12.2","41","525","12.8","5","6","0","0","0","0","17","88.5","5.2","18.4%"
"48","Marvin Harrison Jr. (ARI)","73","11.8","41","608","14.8","9","4","0","0","0","0","12","86.8","7.2","90.1%"
"49","Luther Burden III (CHI)","60","11.4","47","652","13.9","11","2","6","37","0","0","15","80.9","5.4","93.9%"
"50","Josh Downs (IND)","88","16.5","58","566","9.8","4","4","2","-2","0","1","16","78.4","4.9","77.7%"
"51","Chimere Dike (TEN)","74","14","48","423","8.8","6","4","11","18","0","1","17","78.1","4.6","4.8%"
"52","Terry McLaurin (WAS)","60","13.7","38","582","15.3","7","3","0","0","0","0","10","76.2","7.6","94.4%"
"53","Elic Ayomanor (TEN)","89","16.6","41","515","12.6","8","4","0","0","0","0","16","75.5","4.7","3.1%"
"54","Ryan Flournoy (DAL)","56","9.2","40","475","11.9","5","4","4","25","0","0","15","74.0","4.9","9.6%"
"55","Jalen Nailor (MIN)","53","11.4","29","444","15.3","9","4","2","13","0","0","17","71.7","4.2","28.1%"
"56","Jerry Jeudy (CLE)","106","20.5","50","602","12.0","6","2","1","5","0","1","17","70.7","4.2","28.3%"
"56","Malik Washington (MIA)","65","14.4","46","317","6.9","2","3","17","110","1","1","17","70.7","4.2","16.8%"
"58","Cooper Kupp (SEA)","70","15.6","47","593","12.6","8","2","0","0","0","1","16","70.3","4.4","15.1%"
"59","Xavier Worthy (KC)","73","13.2","42","532","12.7","9","1","11","87","0","0","14","67.9","4.9","64.3%"
"60","Mack Hollins (NE)","65","13.4","46","550","12.0","8","2","1","4","0","0","15","67.4","4.5","2.5%"
"61","DeMario Douglas (NE)","46","9.3","31","447","14.4","7","3","7","21","0","0","17","64.8","3.8","3.2%"
"62","Tez Johnson (TB)","44","8.3","28","322","11.5","3","5","8","24","0","0","16","64.6","4.0","0.9%"
"63","Keon Coleman (BUF)","59","12.2","38","404","10.6","5","4","0","0","0","1","13","64.4","5.0","5.0%"
"64","Garrett Wilson (NYJ)","59","12.5","36","395","11.0","4","4","0","0","0","0","7","63.5","9.1","96.7%"
"65","Xavier Hutchinson (HOU)","57","10.2","35","428","12.2","7","3","3","22","0","0","17","63.0","3.7","4.0%"
"66","Darius Slayton (NYG)","63","12.6","37","538","14.5","7","1","0","0","0","1","14","61.8","4.4","2.3%"
"66","Tyquan Thornton (KC)","37","6.7","19","438","23.1","11","3","0","0","0","0","14","61.8","4.4","3.6%"
"68","Isaac TeSlaa (DET)","27","5.1","16","239","14.9","3","6","0","0","0","0","17","59.9","3.5","10.3%"
"69","KaVontae Turpin (DAL)","38","6.3","26","396","15.2","5","2","17","89","0","1","15","58.5","3.9","2.6%"
"70","Jalen Coker (CAR)","43","8.8","33","394","11.9","6","3","0","0","0","1","11","57.4","5.2","49.3%"
"71","Andrei Iosivas (CIN)","58","9.9","33","435","13.2","7","2","3","14","0","0","17","56.9","3.3","2.3%"
"72","Marvin Mims Jr. (DEN)","51","8.7","37","322","8.7","6","1","12","78","1","1","16","56.0","3.5","6.2%"
"73","Calvin Austin III (PIT)","55","10.8","31","372","12.0","5","3","0","0","0","0","14","55.2","3.9","1.5%"
"74","Kendrick Bourne (SF)","53","9.6","37","551","14.9","5","0","0","0","0","0","16","55.1","3.4","2.1%"
"75","Adonai Mitchell (NYJ)","74","15.5","33","453","13.7","6","2","1","-4","0","1","16","54.9","3.4","14.5%"
"76","Mike Evans (TB)","61","11.3","30","368","12.3","5","3","0","0","0","0","8","54.8","6.9","90.7%"
"77","Xavier Legette (CAR)","64","13.2","35","363","10.4","7","3","1","0","0","0","15","54.3","3.6","2.0%"
"78","Ricky Pearsall (SF)","53","9.7","36","528","14.7","9","0","2","-2","0","0","10","52.6","5.3","12.1%"
"79","Tory Horton (SEA)","22","4.9","13","161","12.4","3","5","0","0","0","0","8","52.1","6.5","4.2%"
"80","Darnell Mooney (ATL)","72","14.2","32","443","13.8","5","1","0","0","0","0","15","50.3","3.4","9.7%"
"81","Chris Godwin Jr. (TB)","51","9.4","33","360","10.9","5","2","0","0","0","0","9","50.0","5.6","78.9%"
"82","Greg Dortch (ARI)","33","5.4","29","206","7.1","1","3","7","15","1","0","12","46.1","3.8","0.6%"
"83","Olamide Zaccheaus (CHI)","65","12.3","39","313","8.0","1","2","4","25","0","0","16","45.8","2.9","1.3%"
"83","Dontayvion Wicks (GB)","46","9.8","30","332","11.1","3","2","1","6","0","0","14","45.8","3.3","12.3%"
"85","DeAndre Hopkins (BAL)","39","9.3","22","330","15.0","5","2","0","0","0","0","17","45.0","2.6","0.6%"
"86","Pat Bryant (DEN)","49","8.4","31","378","12.2","4","1","0","0","0","0","15","43.8","2.9","7.5%"
"87","Sterling Shepard (TB)","53","9.7","39","371","9.5","5","1","4","19","0","1","13","43.0","3.3","1.8%"
"88","Kalif Raymond (DET)","30","5.4","24","289","12.0","4","1","2","19","0","0","15","42.8","2.9","0.6%"
"89","Jaylin Noel (HOU)","35","6.5","26","292","11.2","6","2","6","12","0","0","17","42.4","2.5","6.9%"
"90","Devaughn Vele (NO)","39","7","25","293","11.7","0","2","0","0","0","0","13","41.3","3.2","7.7%"
"91","Tyler Lockett (LV)","55","11","32","291","9.1","2","1","0","0","0","0","17","41.1","2.4","0.6%"
"92","Van Jefferson (TEN)","52","10","29","350","12.1","6","1","0","0","0","0","16","41.0","2.6","0.8%"
"92","Matthew Golden (GB)","44","9.8","29","361","12.4","7","0","10","49","0","0","14","41.0","2.9","73.9%"
"94","JuJu Smith-Schuster (KC)","45","8.1","33","345","10.5","3","1","0","0","0","0","17","40.5","2.4","1.1%"
"95","Luke McCaffrey (WAS)","15","3.5","11","203","18.5","3","3","0","0","0","0","9","40.3","4.5","0.8%"
"96","Tre' Harris (LAC)","43","8.1","30","324","10.8","3","1","2","10","0","0","17","39.4","2.3","9.5%"
"97","Kyle Williams (NE)","21","4.2","10","209","20.9","3","3","2","3","0","0","17","39.2","2.3","2.8%"
"98","Malik Nabers (NYG)","35","7","18","271","15.1","5","2","0","0","0","0","4","39.1","9.8","98.8%"
"99","Cedric Tillman (CLE)","39","7.6","21","270","12.9","6","2","0","0","0","0","13","39.0","3.0","0.6%"
"100","John Metchie III (NYJ)","48","10.1","33","274","8.3","1","2","3","-5","0","0","16","38.9","2.4","1.3%"
"101","Tim Patrick (JAC)","24","4.5","15","187","12.5","4","3","0","0","0","0","16","36.7","2.3","1.0%"
"101","Isaiah Bond (CLE)","44","8.7","18","338","18.8","6","0","5","29","0","0","16","36.7","2.3","1.2%"
"103","Rashod Bateman (BAL)","38","9.2","19","224","11.8","3","2","0","0","0","0","13","36.4","2.8","6.9%"
"104","Demarcus Robinson (SF)","35","6.5","22","276","12.5","5","1","1","6","0","0","14","36.2","2.6","0.8%"
"105","Travis Hunter (JAC)","45","8.3","28","298","10.6","5","1","1","0","0","0","7","35.8","5.1","65.4%"
"106","Jaylin Lane (WAS)","32","7.5","16","225","14.1","3","0","1","7","0","1","15","33.2","2.2","0.6%"
"107","Isaiah Williams (NYJ)","36","7.5","26","193","7.4","1","0","3","34","0","1","15","32.7","2.2","0.6%"
"108","Tyreek Hill (MIA)","29","6.3","21","265","12.6","4","1","0","0","0","0","4","32.5","8.1","15.1%"
"109","Jahan Dotson (PHI)","36","7.3","18","262","14.6","4","1","0","0","0","0","17","32.2","1.9","2.6%"
"110","Devontez Walker (BAL)","8","1.9","6","136","22.7","4","3","0","0","0","0","11","31.6","2.9","0.6%"
"111","David Sills V (ATL)","36","7.1","18","191","10.6","3","2","0","0","0","0","17","31.1","1.8","0.0%"
"112","Tyrell Shavers (BUF)","23","4.6","15","245","16.3","6","1","0","0","0","0","17","30.5","1.8","0.6%"
"113","Calvin Ridley (TEN)","36","6.8","17","303","17.8","7","0","0","0","0","0","7","30.3","4.3","12.9%"
"113","Joshua Palmer (BUF)","37","7.5","22","303","13.8","4","0","0","0","0","0","12","30.3","2.5","0.7%"
"113","Xavier Smith (LAR)","24","4","18","303","16.8","5","0","0","0","0","0","16","30.3","1.9","0.6%"
"116","Christian Kirk (HOU)","52","9.2","28","239","8.5","3","1","0","0","0","0","13","29.9","2.3","6.6%"
"117","Dyami Brown (JAC)","37","6.7","20","227","11.4","2","1","6","30","0","1","15","29.7","2.0","0.7%"
"118","Jayden Reed (GB)","22","4.9","19","207","10.9","4","1","3","28","0","0","7","29.5","4.2","78.1%"
"119","Jalen Tolbert (DAL)","34","5.7","18","203","11.3","2","1","0","0","0","0","13","28.3","2.2","3.9%"
"120","Brandin Cooks (BUF)","36","6.8","24","279","11.6","4","0","0","0","0","0","15","27.9","1.9","1.1%"
"121","Chris Moore (WAS)","23","5.4","11","207","18.8","3","1","1","9","0","0","14","27.6","2.0","0.0%"
"122","Tyler Johnson (NYJ)","18","3.7","12","197","16.4","5","1","0","0","0","0","12","25.7","2.1","1.1%"
"123","Tutu Atwell (LAR)","15","2.6","6","192","32.0","3","1","0","0","0","0","10","25.2","2.5","0.7%"
"124","Gunner Olszewski (NYG)","13","2.6","10","145","14.5","3","1","0","0","0","1","16","23.8","1.5","1.1%"
"125","Mitch Tinsley (CIN)","24","4","8","116","14.5","1","2","0","0","0","0","17","23.6","1.4","0.6%"
"126","Jack Bech (LV)","29","5.8","20","224","11.2","2","0","0","0","0","0","16","22.4","1.4","3.6%"
"127","Lil'Jordan Humphrey (DEN)","25","4.6","13","156","12.0","2","1","0","0","0","0","10","21.6","2.2","1.1%"
"128","Hunter Renfrow (CAR)","26","5.4","15","89","5.9","0","2","0","0","0","0","6","20.9","3.5","1.5%"
"129","Jahdae Walker (CHI)","10","2","6","87","14.5","1","2","0","0","0","0","7","20.7","3.0","0.9%"
"130","Adam Thielen (PIT)","35","7","19","186","9.8","1","0","0","0","0","0","16","20.6","1.3","3.5%"
"130","Malachi Corley (CLE)","14","2.8","11","79","7.2","0","0","13","127","0","0","13","20.6","1.6","0.6%"
"132","Bo Melton (GB)","13","2.8","4","107","26.8","2","1","5","35","0","0","16","20.2","1.3","0.6%"
"133","Kevin Austin Jr. (NO)","23","4.1","13","140","10.8","1","1","0","0","0","0","8","20.0","2.5","1.0%"
"134","Theo Wease Jr. (MIA)","10","2.2","6","139","23.2","2","1","0","0","0","0","3","19.9","6.6","1.0%"
"135","Elijah Moore (BUF)","17","3.4","9","112","12.4","3","0","6","24","1","0","9","19.6","2.2","0.6%"
"136","Treylon Burks (WAS)","22","5.1","10","130","13.0","2","1","0","0","0","0","8","19.0","2.4","1.7%"
"137","Gabe Davis (BUF)","18","3.7","12","129","10.8","2","1","0","0","0","0","6","18.9","3.2","1.0%"
"138","Zay Jones (ARI)","18","3","12","183","15.3","4","0","0","0","0","0","8","18.3","2.3","1.0%"
"138","Jordan Whittington (LAR)","25","4.4","18","171","9.5","2","0","3","12","0","0","17","18.3","1.1","0.6%"
"140","Marquez Valdes-Scantling (PIT)","29","5.4","14","120","8.6","0","1","0","0","0","0","10","18.0","1.8","0.7%"
"141","Jalen McMillan (TB)","15","2.9","12","178","14.8","2","0","1","1","0","0","4","17.9","4.5","22.1%"
"142","Jimmy Horn Jr. (CAR)","15","3","11","108","9.8","1","0","8","69","0","0","13","17.7","1.4","0.8%"
"143","Isaiah Hodgins (NYG)","19","3.8","10","115","11.5","2","1","0","0","0","0","7","17.5","2.5","0.0%"
"144","Brycen Tremayne (CAR)","18","3.6","14","160","11.4","3","0","0","0","0","0","16","16.0","1.0","0.0%"
"145","Savion Williams (GB)","10","2.1","10","78","7.8","1","1","11","37","0","1","12","15.5","1.3","0.8%"
"146","Konata Mumpfield (LAR)","23","4","10","92","9.2","0","1","0","0","0","0","17","15.2","0.9","0.6%"
"147","Ashton Dulin (IND)","10","1.9","5","106","21.2","3","0","3","44","0","0","12","15.0","1.3","0.7%"
"147","Cody White (SEA)","4","0.8","3","90","30.0","2","1","0","0","0","0","9","15.0","1.7","0.0%"
"149","Curtis Samuel (BUF)","9","1.8","7","81","11.6","2","1","0","0","0","0","6","14.1","2.4","2.0%"
"150","Kameron Johnson (TB)","7","1.3","4","64","16.0","1","1","2","13","0","0","17","13.7","0.8","0.0%"
"151","Dont'e Thornton Jr. (LV)","30","6","10","135","13.5","3","0","0","0","0","0","15","13.5","0.9","0.7%"
"151","Efton Chism III (NE)","3","0.6","3","75","25.0","2","1","0","0","0","0","8","13.5","1.7","0.6%"
"153","Allen Lazard (NYJ)","18","3.6","10","70","7.0","0","1","0","0","0","0","10","13.0","1.3","1.0%"
"154","Ben Skowronek (PIT)","6","1.2","4","69","17.3","2","1","0","0","0","0","16","12.9","0.8","0.1%"
"155","Josh Reynolds (NYJ)","21","4.3","11","101","9.2","0","0","0","0","0","0","5","12.1","2.4","2.1%"
"156","Shedrick Jackson (LV)","5","1","4","56","14.0","1","1","1","3","0","0","5","11.9","2.4","1.0%"
"157","KeAndre Lambert-Smith (LAC)","12","2.3","5","51","10.2","0","1","0","0","0","0","10","11.1","1.1","0.7%"
"158","Dante Pettis (NO)","11","2","9","127","14.1","3","0","0","0","0","1","8","10.7","1.3","1.0%"
"158","Jamari Thrash (CLE)","15","3","10","107","10.7","3","0","0","0","0","0","9","10.7","1.2","1.1%"
"160","Tylan Wallace (BAL)","8","1.8","4","45","11.3","0","1","0","0","0","0","14","10.5","0.8","1.0%"
"161","Skyy Moore (SF)","7","1.4","5","87","17.4","2","0","2","11","0","0","17","9.8","0.6","0.8%"
"162","Ryan Miller (TB)","4","0.8","2","34","17.0","1","1","0","0","0","0","13","9.4","0.7","1.0%"
"162","Casey Washington (ATL)","14","2.8","6","94","15.7","1","0","0","0","0","0","7","9.4","1.3","0.0%"
"162","Mason Tipton (NO)","17","3.1","11","76","6.9","0","0","4","18","0","0","13","9.4","0.7","1.3%"
"165","Darius Cooper (PHI)","11","2.3","9","92","10.2","0","0","0","0","0","0","13","9.2","0.7","0.6%"
"166","Michael Bandy (DEN)","4","0.7","4","50","12.5","1","1","0","0","0","1","4","9.0","2.3","1.0%"
"167","Nick Westbrook-Ikhine (MIA)","20","4.4","11","89","8.1","0","0","0","0","0","0","15","8.9","0.6","0.6%"
"168","Malik Heath (GB)","7","1.5","6","86","14.3","1","0","0","0","0","0","11","8.6","0.8","1.0%"
"169","Noah Brown (WAS)","10","2.3","5","83","16.6","1","0","0","0","0","0","4","8.3","2.1","1.3%"
"169","Ronnie Bell (NO)","4","0.7","2","23","11.5","0","1","0","0","0","0","2","8.3","4.2","0.0%"
"171","Ray-Ray McCloud III (NYG)","15","3","7","69","9.9","1","0","0","0","0","0","6","6.9","1.2","0.6%"
"172","Xavier Weaver (ARI)","13","2.2","7","67","9.6","1","0","0","0","0","0","9","6.7","0.7","0.0%"
"173","James Proche II (TEN)","12","2.3","6","65","10.8","1","0","0","0","0","0","9","6.5","0.7","0.0%"
"173","Arian Smith (NYJ)","16","3.2","7","52","7.4","1","0","4","13","0","0","16","6.5","0.4","0.7%"
"175","Scotty Miller (PIT)","14","2.7","9","62","6.9","0","0","0","0","0","0","13","6.2","0.5","0.1%"
"176","Charlie Jones (CIN)","1","0.2","0","0","0","0","0","0","0","0","0","14","6.0","0.4","0.7%"
"177","Gage Larvadain (CLE)","14","2.8","7","71","10.1","0","0","1","3","0","1","13","5.4","0.4","0.0%"
"178","Robbie Chosen (WAS)","9","2","5","53","10.6","0","0","0","0","0","0","3","5.3","1.8","0.0%"
"179","Mason Kinsey (TEN)","4","0.8","2","48","24.0","1","0","0","0","0","0","10","4.8","0.5","0.0%"
"179","Dareke Young (SEA)","3","0.6","2","48","24.0","1","0","0","0","0","0","9","4.8","0.5","1.0%"
"181","Austin Trammell (JAC)","10","1.8","3","46","15.3","0","0","0","0","0","0","6","4.6","0.8","0.0%"
"182","Cedrick Wilson Jr. (MIA)","9","1.8","5","44","8.8","0","0","0","0","0","0","10","4.4","0.4","1.1%"
"183","Dee Eskridge (MIA)","7","1.4","4","62","15.5","1","0","0","0","0","1","13","4.2","0.3","0.0%"
"183","Dylan Drummond (ATL)","11","2.2","7","42","6.0","0","0","0","0","0","0","9","4.2","0.5","0.0%"
"185","Xavier Restrepo (TEN)","7","1.3","3","41","13.7","0","0","0","0","0","0","2","4.1","2.1","1.1%"
"186","Braxton Berrios (HOU)","8","1.4","6","37","6.2","0","0","0","0","0","0","4","3.7","0.9","0.6%"
"187","Tom Kennedy (DET)","4","0.7","4","36","9.0","1","0","0","0","0","0","6","3.6","0.6","0.1%"
"188","Jalin Hyatt (NYG)","14","2.8","5","35","7.0","0","0","0","0","0","0","8","3.5","0.4","2.7%"
"189","Deven Thompkins (ATL)","3","0.6","3","27","9.0","0","0","1","5","0","0","7","3.2","0.5","1.0%"
"189","Velus Jones Jr. (SEA)","0","0","0","0","0","0","0","4","32","0","0","6","3.2","0.5","1.6%"
"189","Nikko Remigio (KC)","1","0.2","1","21","21.0","1","0","1","11","0","0","14","3.2","0.2","0.6%"
"192","KhaDarel Hodge (ATL)","10","1.9","3","31","10.3","0","0","0","0","0","0","12","3.1","0.3","1.2%"
"192","Jalen Brooks (ARI)","6","1","3","51","17.0","1","0","0","0","0","1","6","3.1","0.5","1.0%"
"194","Justin Watson (HOU)","4","0.8","3","30","10.0","0","0","0","0","0","0","3","3.0","1.0","1.0%"
"195","Devin Duvernay (CHI)","5","1","2","26","13.0","1","0","0","0","0","0","17","2.6","0.2","1.0%"
"195","Jordan Watkins (SF)","3","0.6","2","26","13.0","0","0","0","0","0","0","5","2.6","0.5","1.0%"
"197","Beaux Collins (NYG)","6","1.2","2","25","12.5","0","0","0","0","0","0","9","2.5","0.3","0.0%"
"197","Jonathan Mingo (DAL)","5","1","1","25","25.0","1","0","0","0","0","0","6","2.5","0.4","0.6%"
"197","Tai Felton (MIN)","3","0.6","3","25","8.3","0","0","0","0","0","0","14","2.5","0.2","0.6%"
"200","Tay Martin (WAS)","2","0.4","2","23","11.5","0","0","0","0","0","0","3","2.3","0.8","1.0%"
"201","Trent Sherfield Sr. (ARI)","5","0.9","3","21","7.0","0","0","0","0","0","0","12","2.1","0.2","0.0%"
"202","Britain Covey (PHI)","4","0.9","2","20","10.0","0","0","0","0","0","0","6","2.0","0.3","1.0%"
"202","Jake Bobo (SEA)","2","0.4","2","20","10.0","0","0","0","0","0","0","11","2.0","0.2","0.6%"
"202","Jared Wayne (HOU)","2","0.4","2","20","10.0","0","0","0","0","0","0","1","2.0","2.0","0.0%"
"205","David Moore (CAR)","1","0.2","1","5","5.0","0","0","1","12","0","0","4","1.7","0.4","0.8%"
"205","Tahj Washington (MIA)","5","1.1","3","37","12.3","0","0","0","0","0","1","6","1.7","0.3","1.0%"
"207","Tim Jones (JAC)","1","0.2","1","15","15.0","0","0","0","0","0","0","4","1.5","0.4","0.0%"
"207","Jakobie Keeney-James (GB)","2","0.4","2","15","7.5","0","0","0","0","0","0","1","1.5","1.5","0.0%"
"209","Alex Bachman (LV)","3","0.6","2","12","6.0","0","0","0","0","0","0","13","1.2","0.1","0.0%"
"210","Quentin Skinner (NYJ)","1","0.2","1","10","10.0","0","0","0","0","0","0","1","1.0","1.0","0.0%"
"211","Andre Baccellia (ARI)","4","0.7","2","8","4.0","0","0","0","0","0","0","5","0.8","0.2","0.0%"
"211","Bryce Oliver (TEN)","1","0.2","1","8","8.0","0","0","0","0","0","0","3","0.8","0.3","0.0%"
"213","Anthony Gould (IND)","2","0.4","2","6","3.0","0","0","0","0","0","0","11","0.6","0.1","1.0%"
"214","Jalen Royals (KC)","3","0.5","2","4","2.0","0","0","0","0","0","0","7","0.4","0.1","0.6%"
"215","Samori Toure (NO)","3","0.5","1","3","3.0","0","0","0","0","0","0","1","0.3","0.3","0.0%"
"216","DeAndre Carter (CLE)","0","0","0","0","0","0","0","0","0","0","0","5","0.0","0.0","0.0%"
"216","Laquon Treadwell (IND)","0","0","0","0","0","0","0","0","0","0","0","9","0.0","0.0","0.0%"
"216","River Cracraft (WAS)","0","0","0","0","0","0","0","0","0","0","0","2","0.0","0.0","0.0%"
"216","Russell Gage Jr. (SF)","0","0","0","0","0","0","0","0","0","0","0","1","0.0","0.0","0.0%"
"216","Malik Turner (SF)","1","0.2","0","0","0","0","0","0","0","0","0","3","0.0","0.0","0.0%"
"216","Parris Campbell (DAL)","0","0","0","0","0","0","0","0","0","0","0","1","0.0","0.0","0.1%"
"216","Quinton Bell (MIA)","0","0","0","0","0","0","0","0","0","0","0","5","0.0","0.0","1.0%"
"216","Steven Sims Jr. (ARI)","1","0.2","0","0","0","0","0","0","0","0","0","3","0.0","0.0","0.0%"
"216","Lawrence Cager (WAS)","0","0","0","0","0","0","0","0","0","0","0","1","0.0","0.0","0.0%"
"216","Kristian Wilkerson (TEN)","0","0","0","0","0","0","0","0","0","0","0","1","0.0","0.0","1.0%"
"216","Dan Chisena (CAR)","0","0","0","0","0","0","0","0","0","0","0","1","0.0","0.0","0.0%"
"216","Chris Blair (ATL)","0","0","0","0","0","0","0","0","0","0","0","3","0.0","0.0","0.0%"
"216","Ja'Corey Brooks (WAS)","0","0","0","0","0","0","0","0","0","0","0","1","0.0","0.0","1.0%"
"216","Malik Cunningham (DET)","0","0","0","0","0","0","0","1","1","0","0","1","0.0","0.0","1.1%"
"216","Simi Fehoko (ARI)","0","0","0","0","0","0","0","0","0","0","0","7","0.0","0.0","1.0%"
"216","Avery Williams (NYJ)","0","0","0","0","0","0","0","0","0","0","0","1","0.0","0.0","1.1%"
"216","Brandon Smith (NYJ)","0","0","0","0","0","0","0","0","0","0","0","1","0.0","0.0","0.0%"
"216","DJ Turner (LV)","0","0","0","0","0","0","0","0","0","0","0","1","0.0","0.0","1.0%"
"216","Justin Shorter (LV)","0","0","0","0","0","0","0","0","0","0","0","5","0.0","0.0","1.2%"
"216","Jacoby Jones (WAS)","1","0","1","25","25.0","1","0","0","0","0","0","2","0.0","0.0","0.0%"
"216","Kaden Davis (CLE)","0","0","0","0","0","0","0","0","0","0","0","2","0.0","0.0","1.0%"
"216","Maurice Alexander (CHI)","0","0","0","0","0","0","0","0","0","0","0","1","0.0","0.0","1.2%"
"216","Jacob Cowing (SF)","0","0","0","0","0","0","0","0","0","0","0","1","0.0","0.0","1.0%"
"216","Jalen Moreno-Cropper (DAL)","0","0","0","0","0","0","0","0","0","0","0","4","0.0","0.0","0.0%"
"216","Jason Brownlee (KC)","1","0.2","0","0","0","0","0","0","0","0","0","6","0.0","0.0","0.0%"
"216","Dominic Lovett (DET)","0","0","0","0","0","0","0","0","0","0","0","8","0.0","0.0","1.0%"
"216","Tejhaun Palmer (ARI)","0","0","0","0","0","0","0","0","0","0","0","1","0.0","0.0","0.0%"
"216","Jeshaun Jones (MIN)","0","0","0","0","0","0","0","0","0","0","0","1","0.0","0.0","0.0%"
"216","Ricky White III (SEA)","0","0","0","0","0","0","0","0","0","0","0","2","0.0","0.0","1.0%"
"216","Jordan Moore (CIN)","0","0","0","0","0","0","0","0","0","0","0","1","0.0","0.0","0.0%"
"216","Bryson Green (ARI)","0","0","0","0","0","0","0","0","0","0","0","1","0.0","0.0","0.0%"
"216","Coleman Owen (IND)","1","0.2","0","0","0","0","0","0","0","0","0","2","0.0","0.0","0.0%"
"216","Dalen Cambre (NYG)","0","0","0","0","0","0","0","0","0","0","0","6","0.0","0.0","0.0%"
"216","Chandler Brayboy (JAC)","0","0","0","0","0","0","0","0","0","0","0","1","0.0","0.0","0.0%"
"216","Jackson Meeks (DET)","0","0","0","0","0","0","0","0","0","0","0","2","0.0","0.0","0.0%"
"216","Jeremiah Webb (NE)","0","0","0","0","0","0","0","0","0","0","0","2","0.0","0.0","0.0%"
"216","Jimmy Holiday (KC)","0","0","0","0","0","0","0","0","0","0","0","1","0.0","0.0","0.0%"
"216","Dalevon Campbell (CAR)","0","0","0","0","0","0","0","0","0","0","0","2","0.0","0.0","0.0%"
"216","Cade McDonald (CLE)","0","0","0","0","0","0","0","0","0","0","0","1","0.0","0.0","0.0%"
"216","Roman Wilson (PIT)","21","4.2","12","166","13.8","3","2","0","0","0","1","14","0.0","0.0","0.7%"
"256","Derius Davis (LAC)","3","0.6","2","10","5.0","0","0","2","5","0","1","11","-0.5","0.0","1.0%"
"256","Ke'Shawn Williams (CIN)","1","0.2","1","5","5.0","0","0","2","10","0","1","11","-0.5","0.0","0.0%"
"258","Jamal Agnew (ATL)","0","0","0","0","0","0","0","0","0","0","1","11","-2.0","-0.2","0.0%"
"258","Mecole Hardman Jr. (BUF)","1","0.2","0","0","0","0","0","0","0","0","1","2","-2.0","-1.0","0.6%"
"258","LaJohntay Wester (BAL)","0","0","0","0","0","0","0","0","0","0","1","16","-2.0","-0.1","0.7%"
"261","Xavier Gipson (PHI)","2","0.4","2","6","3.0","0","0","0","0","0","2","6","-3.4","-0.6","1.1%"
"262","Myles Price (MIN)","0","0","0","0","0","0","0","0","0","0","3","16","-6.0","-0.4","0.6%"
""
""